query,vehicle,AP,first_correct_rank,box_area,brightness,n_positives,has_twin,sim_best_true,sim_best_wrong,best_true,clean_top5
03ae843cdda948f2bbb02f08fe1a1573,1235,1.0,1,1062271,116.8013844515442,1,True,0.848174,0.4941914,2e150e699d0b4ab5976bd9a76fdac68f,2e150e699d0b4ab5976bd9a76fdac68f|c842dfe7724e4bb8b99f68a7906bcf91|5435b42467f54fe0a00df76c745d2dc6|1aa9d0185c7e47c88f8b55c69888488a|dfefb591df2b48b98813a73f4f6ed738
ed171b78916c424eb19e30b75bbad04a,1235,1.0,1,1024594,106.67910509850905,1,True,0.79277873,0.45753628,152dcd53af3b4288b177e95d1070844d,152dcd53af3b4288b177e95d1070844d|c842dfe7724e4bb8b99f68a7906bcf91|5435b42467f54fe0a00df76c745d2dc6|dfefb591df2b48b98813a73f4f6ed738|a39686ca19aa487d8c14d1fcfffbc84b
481c0d40e54742b1b4750ce991219a8e,1235,1.0,1,769212,117.32459186159844,1,True,0.84986174,0.4907892,2e150e699d0b4ab5976bd9a76fdac68f,2e150e699d0b4ab5976bd9a76fdac68f|c842dfe7724e4bb8b99f68a7906bcf91|5435b42467f54fe0a00df76c745d2dc6|1aa9d0185c7e47c88f8b55c69888488a|dfefb591df2b48b98813a73f4f6ed738
4608901d230f48f9840541130e900431,1235,1.0,1,304479,100.37268915979854,1,True,0.8697577,0.43897784,152dcd53af3b4288b177e95d1070844d,152dcd53af3b4288b177e95d1070844d|c842dfe7724e4bb8b99f68a7906bcf91|5435b42467f54fe0a00df76c745d2dc6|1aa9d0185c7e47c88f8b55c69888488a|dfefb591df2b48b98813a73f4f6ed738
f3066b470a2c4d27a1d14648782be993,953,1.0,1,250980,124.4269893685567,1,True,0.7653128,0.4407673,8ded18787e674f9e9b27dffa935829dd,8ded18787e674f9e9b27dffa935829dd|3a311352b3ff49ddb405d6a9616643e8|6b3a1cb221e7469693e9c0bc84ac432e|c624d1e2d34b4635bc9b0f5730bae694|5e553240676d4d238c48ded9ba3ff19c
5147bedc824d487eb70ba45cbe4c07b2,953,1.0,1,250275,117.86346340673575,1,True,0.80129445,0.4813242,8ded18787e674f9e9b27dffa935829dd,8ded18787e674f9e9b27dffa935829dd|3a311352b3ff49ddb405d6a9616643e8|6b3a1cb221e7469693e9c0bc84ac432e|c624d1e2d34b4635bc9b0f5730bae694|5e553240676d4d238c48ded9ba3ff19c
c65434f1b2074a5caf649a13792d8c74,113,1.0,1,192610,127.86113911290323,1,True,0.64178354,0.3727344,e3cf16f7d01f4f70baef3970bba4a3a5,e3cf16f7d01f4f70baef3970bba4a3a5|b17fd1bfdb3e41bea6bcce4499eb424d|c979f0fa874e4a5aa25608962bbe9e62|800f03870dac489993d2e7d84827f52c|0d23578662464642a14d0a673e1be39a
2b62b2e1a5eb4845b0d65ca021da1989,113,1.0,1,193264,121.80354759786476,1,True,0.626417,0.2998096,e3cf16f7d01f4f70baef3970bba4a3a5,e3cf16f7d01f4f70baef3970bba4a3a5|c979f0fa874e4a5aa25608962bbe9e62|0bc3b834d3544a709653998b775f591c|b17fd1bfdb3e41bea6bcce4499eb424d|800f03870dac489993d2e7d84827f52c
c52d922508f1417b94aca863e37fedbf,113,1.0,1,335778,115.73391666666667,1,True,0.6018449,0.37625265,1892d5e41fdf4443a9a39cb06238906e,1892d5e41fdf4443a9a39cb06238906e|b17fd1bfdb3e41bea6bcce4499eb424d|0d23578662464642a14d0a673e1be39a|90eb0706e2124a2d89cd5c268f594c42|572cbdfc87794a6882e191ae1c90b6e6
c30b7b373fa5407cafbec7218d2dab0a,113,1.0,1,335790,91.89872071175951,1,True,0.59054327,0.24232402,1892d5e41fdf4443a9a39cb06238906e,1892d5e41fdf4443a9a39cb06238906e|90eb0706e2124a2d89cd5c268f594c42|a94ad7748ece45ca84ed5604bcf5f596|e58c4b75bd8244bb987d8f1c9f480bed|24854f6058d0495bb731f392cd390f66
00a6d0a912e544518caa247a461a2391,431,0.625,1,163278,97.11642113095238,2,True,0.39652607,0.4284603,6f631152109349c58f2f3bfadb69a87c,2c532fd800dc4fcf96651c0ce0cc07ed|bf6461076aea41bdaa1306e14ed7a8dd|217dc224802e4ddcb45cd42e065f23a6|de71dc0548c84058a6a1ba4b3138a31b|3d402a6091df40e78314d46d7db7a439
4b1e609c95964182924784a23cd3df2a,431,0.625,1,161784,110.0169616519174,2,True,0.42730394,0.468844,2c532fd800dc4fcf96651c0ce0cc07ed,2c532fd800dc4fcf96651c0ce0cc07ed|bf6461076aea41bdaa1306e14ed7a8dd|217dc224802e4ddcb45cd42e065f23a6|de71dc0548c84058a6a1ba4b3138a31b|3d402a6091df40e78314d46d7db7a439
a8ce12a245384477a45b5f55c23e877f,431,0.08333333333333333,6,360159,36.60384270334928,2,True,0.37379092,0.37889788,0b18f806cde7476eb5930175aaa23579,deebc808e91c4b8ca613de78eed1e420|831e27a1b7bb4758b655b2e292ac91fc|b967a2746db94a47b8ad39c00311145e|e1c0c9826bfd41f59c2ad6309e7c4fa0|aeea3a385c8a4186a0bba296d4b42db9
73c6608e69084b629f6284cfeedc1683,431,0.25,2,225126,87.52569090136055,2,True,0.35939038,0.41452035,0b18f806cde7476eb5930175aaa23579,de71dc0548c84058a6a1ba4b3138a31b|0b18f806cde7476eb5930175aaa23579|bf6461076aea41bdaa1306e14ed7a8dd|217dc224802e4ddcb45cd42e065f23a6|3d402a6091df40e78314d46d7db7a439
b3cff8e5ba8043d48153c3d3aaa1e5d9,431,0.1,5,361340,39.056361607142854,2,True,0.4277503,0.39959037,0b18f806cde7476eb5930175aaa23579,deebc808e91c4b8ca613de78eed1e420|831e27a1b7bb4758b655b2e292ac91fc|b967a2746db94a47b8ad39c00311145e|e1c0c9826bfd41f59c2ad6309e7c4fa0|0b18f806cde7476eb5930175aaa23579
b663d04cbba1459e91f485521d7b9582,1527,1.0,1,202948,103.4226678696413,1,True,0.4557508,0.42550677,d7a43b23e3144a2abf6d6ad8ed983156,d7a43b23e3144a2abf6d6ad8ed983156|1c315996f08640f29f7a42976bed130c|cc722089ba4a40edb13eeeebfdbf2001|d8db2b13b3d4457197e4afccb9e87859|e90c4afb96aa49d9becc8f43103c96c7
542fa4f51dda476bad6b0f77cdf03be3,1527,1.0,1,468528,82.47917861238533,1,True,0.4632471,0.30209082,3d37812f45754ac8ba8bd0683fb87f91,3d37812f45754ac8ba8bd0683fb87f91|aab87e0ce41b44d3bbbc800c6afb228f|e2e37fe3b48d4ad398912c5679f75e45|f979aac10d444b1ca119529922e149fd|1c315996f08640f29f7a42976bed130c
3b54aa0d64dc4176be41316a7a81db57,1527,1.0,1,470862,87.52330669710807,1,True,0.45579672,0.29902905,3d37812f45754ac8ba8bd0683fb87f91,3d37812f45754ac8ba8bd0683fb87f91|aab87e0ce41b44d3bbbc800c6afb228f|e2e37fe3b48d4ad398912c5679f75e45|f979aac10d444b1ca119529922e149fd|1c315996f08640f29f7a42976bed130c
16cd485fc18a4ea2a1055b34b03f4d52,1527,1.0,1,201600,108.46311218368237,1,True,0.4372731,0.44839996,d7a43b23e3144a2abf6d6ad8ed983156,d7a43b23e3144a2abf6d6ad8ed983156|d8db2b13b3d4457197e4afccb9e87859|cc722089ba4a40edb13eeeebfdbf2001|1c315996f08640f29f7a42976bed130c|e90c4afb96aa49d9becc8f43103c96c7
9bc3be73861e4ed3915f0f3e16226332,1294,1.0,1,298747,60.3696764380531,1,True,0.5887778,0.36200312,11eddc1c3c3741688332c6c9a65bb4e1,11eddc1c3c3741688332c6c9a65bb4e1|94945598ed5d4204be76594b932b1695|509c9df9dfcb4509a5676437750ce388|8eae3742430444be93b88b710a06e49e|5c82302d33b54091b703ac1e159fc00c
697d7f3c8f0f4677929e67f0a807a61c,1294,1.0,1,466036,93.36446911549707,1,True,0.59574175,0.34925994,b64f22beda0c4785ab30d227b3790794,b64f22beda0c4785ab30d227b3790794|94945598ed5d4204be76594b932b1695|5c82302d33b54091b703ac1e159fc00c|509c9df9dfcb4509a5676437750ce388|4527dd2038b549d9b52e068035017204
feb1a25607784aa582f65f04cb2710ea,1294,1.0,1,291330,46.589815069750365,1,True,0.5759621,0.36440375,11eddc1c3c3741688332c6c9a65bb4e1,11eddc1c3c3741688332c6c9a65bb4e1|94945598ed5d4204be76594b932b1695|509c9df9dfcb4509a5676437750ce388|5c82302d33b54091b703ac1e159fc00c|8eae3742430444be93b88b710a06e49e
f0f5bfc8bed2436cb84085f5be9741c1,644,1.0,1,230601,86.29363326149425,1,True,0.59897304,0.43153727,ccfca0c44ba54925b5c3c74368ac1fea,ccfca0c44ba54925b5c3c74368ac1fea|c1dd48950f94437ca5785b02bcb7ab75|78aaf09f86734dbca23a1f7ff73d6dc2|cd633c5328fa44c98c4a6ba344c47984|6b95c9c8fd354c3fb75db759b4f0fd46
1fb0165105094775ac45c1a4ce177ea2,644,1.0,1,279276,99.82004343480935,1,True,0.5830778,0.58151644,50c1e256a5e441cd9165d61398e4cd01,50c1e256a5e441cd9165d61398e4cd01|78aaf09f86734dbca23a1f7ff73d6dc2|c1dd48950f94437ca5785b02bcb7ab75|6b2aa378d6074e82ab35cd6c1e7148ab|cd633c5328fa44c98c4a6ba344c47984
5f8db1728da8415f90a51f619930f395,644,1.0,1,230601,80.88072916666667,1,True,0.56869614,0.42394903,ccfca0c44ba54925b5c3c74368ac1fea,ccfca0c44ba54925b5c3c74368ac1fea|c1dd48950f94437ca5785b02bcb7ab75|78aaf09f86734dbca23a1f7ff73d6dc2|cd633c5328fa44c98c4a6ba344c47984|6b95c9c8fd354c3fb75db759b4f0fd46
adf6f6bff3444b96ab5d7091b4ef68d0,644,1.0,1,278018,102.18740354938272,1,True,0.5668142,0.6041583,50c1e256a5e441cd9165d61398e4cd01,50c1e256a5e441cd9165d61398e4cd01|78aaf09f86734dbca23a1f7ff73d6dc2|c1dd48950f94437ca5785b02bcb7ab75|ecec80efbd9e42b9bb4c319d942a0dfe|cd633c5328fa44c98c4a6ba344c47984
5a6fa180f5b2416f9910a013bdacc70d,716,1.0,1,327120,150.4056425938338,1,True,0.72246885,0.3734028,a899a311333c48de8bad891dd4be1c06,a899a311333c48de8bad891dd4be1c06|5f9e6738afc84b8496d5afef2a1986cc|b70f0a39763749a199c22c426ff10328|800f03870dac489993d2e7d84827f52c|3d1b6eb30050477f9371d6531dd97d04
044c4c3f4b5e44949ec8aa74f3d56e70,716,1.0,1,402896,136.35847621681415,1,True,0.7638001,0.25836995,afdfa63089eb495db14af90f27749d11,afdfa63089eb495db14af90f27749d11|381e5df5f54a4489a6eb01d248d70c99|db4a53e44a4b4f03af9ec0b1ecbf4c84|5f9e6738afc84b8496d5afef2a1986cc|944dbf53512c45eda5381d04c1edb725
0033f099095846a4a614bab9d263f164,716,1.0,1,328280,151.34578472222222,1,True,0.7211317,0.3879367,a899a311333c48de8bad891dd4be1c06,a899a311333c48de8bad891dd4be1c06|5f9e6738afc84b8496d5afef2a1986cc|381e5df5f54a4489a6eb01d248d70c99|b70f0a39763749a199c22c426ff10328|800f03870dac489993d2e7d84827f52c
c0ce584bdc8e44c29ce8e24e23db5195,716,1.0,1,401968,137.54560789800996,1,True,0.7640486,0.24059084,afdfa63089eb495db14af90f27749d11,afdfa63089eb495db14af90f27749d11|381e5df5f54a4489a6eb01d248d70c99|db4a53e44a4b4f03af9ec0b1ecbf4c84|944dbf53512c45eda5381d04c1edb725|5f9e6738afc84b8496d5afef2a1986cc
f6c6d6f6ad99417db60ed26dee7d53e6,135,1.0,1,300080,122.79100529100529,1,True,0.475577,0.18032658,c624d1e2d34b4635bc9b0f5730bae694,c624d1e2d34b4635bc9b0f5730bae694|e90a5fce539e49ef8c39d2bb561f860f|3a7959c266094a82835b0bef9f2a3f25|1624cb91f1934980873eab694467068e|dc79a91c8e234d62b44ffefca966ee74
d58bc14180aa461982279707f888dc53,135,1.0,1,295240,117.45943380376345,1,True,0.5118539,0.21414721,c624d1e2d34b4635bc9b0f5730bae694,c624d1e2d34b4635bc9b0f5730bae694|e90a5fce539e49ef8c39d2bb561f860f|3a7959c266094a82835b0bef9f2a3f25|1624cb91f1934980873eab694467068e|dc79a91c8e234d62b44ffefca966ee74
e695f5882aef4fd5b2f0477b657aa4f1,135,1.0,1,210080,97.95872657997762,1,True,0.518173,0.2826934,5e553240676d4d238c48ded9ba3ff19c,5e553240676d4d238c48ded9ba3ff19c|e90a5fce539e49ef8c39d2bb561f860f|3a7959c266094a82835b0bef9f2a3f25|f0fb7abab5ee4c979b0596d394fa3169|1624cb91f1934980873eab694467068e
1f3978ad57d64ad4bf2e80c85af7b33a,1037,1.0,1,200400,148.1592019543974,1,True,0.46328193,0.2569503,84f3af21cd0c46d6b703f72279d0b7cf,84f3af21cd0c46d6b703f72279d0b7cf|b1030aea30f043c3b1e429d1c56d39fb|5851eb22f6104ec3824595cfd7e84454|715d426f883e42409e42f5dfcf8fe259|ba4a1f2d55584ae8941ea89c13576890
3581b62199424801815bcebfc321cb1d,1037,1.0,1,183393,151.43508771929825,1,True,0.46314275,0.36954457,84f3af21cd0c46d6b703f72279d0b7cf,84f3af21cd0c46d6b703f72279d0b7cf|b1030aea30f043c3b1e429d1c56d39fb|aa3e6673999146b9ae569c3a1a0d1827|ba4a1f2d55584ae8941ea89c13576890|5e65c6dacf3d406db869a2c735160040
a8a19d89c17540e0a90ecb5195cc66d0,1037,1.0,1,274104,141.82103587962962,1,True,0.5241864,0.2903859,fc1c73e86c63469b8fedd158425af6fc,fc1c73e86c63469b8fedd158425af6fc|aa3e6673999146b9ae569c3a1a0d1827|b1030aea30f043c3b1e429d1c56d39fb|4dd03d16715a49d98fce909b629115fe|4a8d31a0408546078a25a63ae9e6683d
a3d5fb12cc0e4f27a9beef173a6bee22,1037,1.0,1,227556,154.71298589939025,1,True,0.44477406,0.37886703,fc1c73e86c63469b8fedd158425af6fc,fc1c73e86c63469b8fedd158425af6fc|aa3e6673999146b9ae569c3a1a0d1827|dd5e019e2ad64150a649ddef1038d05d|dbd9cd0d56814b379ee4dfa211e22217|b455e18376a74a1cbdda2063d3473d29
2bc8e848105a47f590ecbf63e19377b9,777,0.8055555555555555,1,456536,74.2357511148272,3,True,0.6489795,0.3776992,52f00a62345f4958949b739382687f91,52f00a62345f4958949b739382687f91|99e28c0051424e6daa44834b0ecac4ab|920cac75d9a341b194d616ddc262443f|467e768e888047cfb4bbb030d2aa81d4|5ab52bb6a33e4c45a8e4b21060110a8d
9968341b62de45039c908dfcfdc5962f,777,0.6333333333333333,1,312975,97.67056178774929,3,True,0.5836108,0.5566234,920cac75d9a341b194d616ddc262443f,920cac75d9a341b194d616ddc262443f|ac6eb8be0d84449a8d926b147a9fe276|856a3fa4b1de48aca952bf70db8b03fb|113b5d350d5e4d40b099be5884f5ffdf|2c33cc0e7f7c4e9ab6f41113da171e95
930497021e784d8ebd46c82e1ffcce99,777,0.6333333333333333,1,301740,109.72442336309524,3,True,0.58669406,0.50481105,920cac75d9a341b194d616ddc262443f,920cac75d9a341b194d616ddc262443f|ac6eb8be0d84449a8d926b147a9fe276|856a3fa4b1de48aca952bf70db8b03fb|113b5d350d5e4d40b099be5884f5ffdf|2c33cc0e7f7c4e9ab6f41113da171e95
8ca77463c563463bbac5a21856571d98,777,0.8055555555555555,1,267868,65.92763573232324,3,True,0.61500883,0.35360968,2c33cc0e7f7c4e9ab6f41113da171e95,2c33cc0e7f7c4e9ab6f41113da171e95|99e28c0051424e6daa44834b0ecac4ab|920cac75d9a341b194d616ddc262443f|467e768e888047cfb4bbb030d2aa81d4|489cd2409ab241d3a241a5638ddee214
2a9e00c44e3d463991cde177ffd083a5,692,1.0,1,504292,94.31641179078014,1,True,0.7000482,0.33428994,dfefb591df2b48b98813a73f4f6ed738,dfefb591df2b48b98813a73f4f6ed738|5435b42467f54fe0a00df76c745d2dc6|c842dfe7724e4bb8b99f68a7906bcf91|152dcd53af3b4288b177e95d1070844d|2e150e699d0b4ab5976bd9a76fdac68f
eeaaa5ac03324f7d833862f90da0b908,692,1.0,1,306405,57.231940485884905,1,True,0.7226603,0.3404373,1aa9d0185c7e47c88f8b55c69888488a,1aa9d0185c7e47c88f8b55c69888488a|2110cddae6a442dda993c55a12921e3b|a39686ca19aa487d8c14d1fcfffbc84b|265b6257356c4a00b65203f528a8b979|3eb16aaa29f043c08ae5b54dee7d9725
56dfc41ba1204b8480deac5d9963b578,692,1.0,1,305660,51.55513148907104,1,True,0.7213851,0.25116536,1aa9d0185c7e47c88f8b55c69888488a,1aa9d0185c7e47c88f8b55c69888488a|a39686ca19aa487d8c14d1fcfffbc84b|2110cddae6a442dda993c55a12921e3b|265b6257356c4a00b65203f528a8b979|c842dfe7724e4bb8b99f68a7906bcf91
7115790144ca4bcaa0e1ae0ca9f94b7d,772,1.0,1,422059,96.0941333912037,1,True,0.65528846,0.4103595,c436257a9faf47c2bf040a7a43ef0461,c436257a9faf47c2bf040a7a43ef0461|1354009a8f394c7aac138b8ffc0da424|218cd0cdcb674f54be95b5dda7408158|bf698497c4ce4d5683fc5947af7a706a|53ba664556c24ad2b8ec64bfe5ded724
5bacd2be5cab418c80641d5dc22abcc9,772,1.0,1,383910,98.03154376270325,1,True,0.58481455,0.43995646,c436257a9faf47c2bf040a7a43ef0461,c436257a9faf47c2bf040a7a43ef0461|bf698497c4ce4d5683fc5947af7a706a|1354009a8f394c7aac138b8ffc0da424|d1d837cf754845dda44ccbef44ea3541|218cd0cdcb674f54be95b5dda7408158
9546f0392bef4dd8b48f43e08afe16f5,772,1.0,1,198260,122.29309172453704,1,True,0.5973978,0.36694664,0b264e6c4f5f485fbb4a6d155e19d20b,0b264e6c4f5f485fbb4a6d155e19d20b|218cd0cdcb674f54be95b5dda7408158|1354009a8f394c7aac138b8ffc0da424|6e936b41389147c88f484bc58a982b8a|cc244c4d72d946f3ac5a25e3fef14316
331a99f0323d484bb4a7e5d74cfd4774,772,1.0,1,198260,128.2144820601852,1,True,0.6148533,0.37864292,0b264e6c4f5f485fbb4a6d155e19d20b,0b264e6c4f5f485fbb4a6d155e19d20b|218cd0cdcb674f54be95b5dda7408158|1354009a8f394c7aac138b8ffc0da424|53ba664556c24ad2b8ec64bfe5ded724|bf698497c4ce4d5683fc5947af7a706a
819fe9b785304f53a742cde7ef7dbd0e,1156,1.0,1,234500,139.0495804398148,1,True,0.58512896,0.2552859,765a3219d834419cbe7179e6da1288b3,765a3219d834419cbe7179e6da1288b3|0987c57c7c9741849c4a18d71fecd395|fd8303ddca7a4342afed1b21ba82d65b|2bae42c456274091896d9b9f7b2c52b8|6e4f5f87a1fe4b55b0656a2630e9b9b4
aa8e141b394e480986b8ca9421dc43f3,1156,1.0,1,318071,140.84406084217505,1,True,0.63027436,0.33412766,22d2aaaf38444817a5a04fbb497d0c66,22d2aaaf38444817a5a04fbb497d0c66|2bae42c456274091896d9b9f7b2c52b8|0987c57c7c9741849c4a18d71fecd395|fd8303ddca7a4342afed1b21ba82d65b|f9e088ead6a546959515c3f5da9789a7
345437a866f3420abcef332d6c21250f,1156,1.0,1,366240,134.80842356889565,1,True,0.52286226,0.29989198,22d2aaaf38444817a5a04fbb497d0c66,22d2aaaf38444817a5a04fbb497d0c66|2bae42c456274091896d9b9f7b2c52b8|684ac61449314f84b3e9ccf147f6b1bc|e2a7145a17094ca8b32206f00e35cca3|f9e088ead6a546959515c3f5da9789a7
a520c3a3f25447e181b9ef6a49f918eb,1156,1.0,1,230175,139.25814433287167,1,True,0.58454025,0.24535327,765a3219d834419cbe7179e6da1288b3,765a3219d834419cbe7179e6da1288b3|0987c57c7c9741849c4a18d71fecd395|fd8303ddca7a4342afed1b21ba82d65b|2bae42c456274091896d9b9f7b2c52b8|684ac61449314f84b3e9ccf147f6b1bc
811019c40a204fe2b12e2c13868e198f,674,0.25,4,320128,94.45424497377623,1,True,0.46007994,0.74672973,13298d7fb36a42b18593b7d472856de4,fb9e353ede214bdaa1b70fe77d081db9|167852b9df1e407880f518160d329303|3c3022f7cea84b74ac4e085a37f2b4a3|13298d7fb36a42b18593b7d472856de4|ba8a425eb0a54c828ae20e3392809805
76585e4fcbc24fe6b816ad2dc7899ec7,674,0.16666666666666666,6,404740,66.03606376262626,1,True,0.48734593,0.64761937,8e83da66e28f4faa87a994caebd10730,3c3022f7cea84b74ac4e085a37f2b4a3|a483211857ce4ce8928ee6dc66cff7db|804fe0590cc34e68a0ea44f33c1f976e|fb9e353ede214bdaa1b70fe77d081db9|167852b9df1e407880f518160d329303
731e95530d334d8ba6fc16ba579d9379,674,0.25,4,327523,90.8941720545977,1,True,0.5239927,0.74076396,13298d7fb36a42b18593b7d472856de4,fb9e353ede214bdaa1b70fe77d081db9|167852b9df1e407880f518160d329303|3c3022f7cea84b74ac4e085a37f2b4a3|13298d7fb36a42b18593b7d472856de4|ba8a425eb0a54c828ae20e3392809805
09e6f63b419441f7a2e1402728ba139a,674,0.16666666666666666,6,393759,81.07898327464788,1,True,0.28673548,0.45377,8e83da66e28f4faa87a994caebd10730,a483211857ce4ce8928ee6dc66cff7db|3c3022f7cea84b74ac4e085a37f2b4a3|804fe0590cc34e68a0ea44f33c1f976e|fb9e353ede214bdaa1b70fe77d081db9|167852b9df1e407880f518160d329303
4270fbbeccc74a149436d1636723dfe2,322,1.0,1,438725,90.57341226931949,2,True,0.56696475,0.28757036,aa3e6673999146b9ae569c3a1a0d1827,4a8d31a0408546078a25a63ae9e6683d|aa3e6673999146b9ae569c3a1a0d1827|265b6257356c4a00b65203f528a8b979|61d260752f724f50b8ac73645d821c3a|2110cddae6a442dda993c55a12921e3b
1b5de61979b14aeda72e4a7313f093e5,322,1.0,1,244420,147.70256551106772,2,True,0.58988774,0.22321111,dd5e019e2ad64150a649ddef1038d05d,dd5e019e2ad64150a649ddef1038d05d|4a8d31a0408546078a25a63ae9e6683d|b1f8016a14154795b748690ab650f8fd|2110cddae6a442dda993c55a12921e3b|265b6257356c4a00b65203f528a8b979
06c0ee92251740bab2d4b7d0fb635a4d,322,1.0,1,254374,105.9970949074074,2,True,0.5452491,0.44785005,dd5e019e2ad64150a649ddef1038d05d,dd5e019e2ad64150a649ddef1038d05d|aa3e6673999146b9ae569c3a1a0d1827|265b6257356c4a00b65203f528a8b979|2110cddae6a442dda993c55a12921e3b|2f8eb75ad722467b84ba20d5e4a5fbef
2d324daf45744bcd896173a23f795d9d,1397,0.125,8,233264,149.03562029033688,1,True,0.41869876,0.72880316,d8be0ac50753457486fe1432870f1acf,2175c291ccdc4b8196a62be92771a976|2ed72c56e5014e6a9f480ac4714427f5|534538c89b6c4695aa0153521db26fef|b1ea10c9e6b04cca88b7775b87f0b6e0|9d1ed6a602094dfca83312b6c2beeb09
2288c5679a7d41cbb06a555a56f7b476,1397,0.2,5,553641,50.54068414224664,1,True,0.43881592,0.50462323,32fde174f61a44fc891f6396a9e260cc,2175c291ccdc4b8196a62be92771a976|9d1ed6a602094dfca83312b6c2beeb09|534538c89b6c4695aa0153521db26fef|b1ea10c9e6b04cca88b7775b87f0b6e0|32fde174f61a44fc891f6396a9e260cc
a1241dffe9b84ff3bfca49cfd6b1526c,1397,0.125,8,229440,146.12744737129145,1,True,0.44725594,0.7188281,d8be0ac50753457486fe1432870f1acf,2175c291ccdc4b8196a62be92771a976|2ed72c56e5014e6a9f480ac4714427f5|534538c89b6c4695aa0153521db26fef|b1ea10c9e6b04cca88b7775b87f0b6e0|9d1ed6a602094dfca83312b6c2beeb09
03005e950406431f9a8f6f30bb0b0c68,1397,0.2,5,552240,54.65732626076261,1,True,0.4120556,0.12936407,32fde174f61a44fc891f6396a9e260cc,74045bd0093a4586bf4a7a843c7a9c2d|2175c291ccdc4b8196a62be92771a976|9d1ed6a602094dfca83312b6c2beeb09|534538c89b6c4695aa0153521db26fef|32fde174f61a44fc891f6396a9e260cc
88d93b0a18f84f26b4c9f58c58751dc9,1465,1.0,1,224082,31.136407103825135,1,True,0.4423881,0.25342363,3fdc43ae9a3d40e5980bca67f16e66fe,3fdc43ae9a3d40e5980bca67f16e66fe|9cf589fd83cd444d9e124512d09383be|2e0a7baaa678405fbd3fe75e007cad8d|ba8a425eb0a54c828ae20e3392809805|25f0002a7c044a348085dd82be8261e4
821c4e19a07a479ca17ea2da85d5db6f,1465,1.0,1,406557,43.92945567507418,1,True,0.35388112,0.22203097,3fdc43ae9a3d40e5980bca67f16e66fe,3fdc43ae9a3d40e5980bca67f16e66fe|2e0a7baaa678405fbd3fe75e007cad8d|b0ed62b1e060407a8626082c4b12d3fd|7abb2ca8bc48441e8aedf1e6965ddb18|92d74f2d96a34166ac2cf22a68d97793
dd6483b072ec4210a6ee764d41e299b4,1273,0.24285714285714285,5,283328,52.265208687641724,2,True,0.36822945,0.3967636,a98f899bae1b4eaba6b3c11bacd5b3df,c49df913cb1c4b24b6a7c3d90ebfd915|905a2521dd53412588b3cea25ffa7a9a|f0172286a95f4254b3e45aceacfa9340|6a35037133914287968b107fca93a80b|a98f899bae1b4eaba6b3c11bacd5b3df
f12e44661e0243b9baff2540bb461546,1273,0.6666666666666666,1,559344,39.274419398907106,2,True,0.38259482,0.40525588,ff7c503e9b4f43819f4d712a2da0a078,ff7c503e9b4f43819f4d712a2da0a078|f0172286a95f4254b3e45aceacfa9340|c17f3a980ce64e2ca63f77f98ce18343|52eaf996c73445fcafbfa0a954ca7f2b|6a35037133914287968b107fca93a80b
b673223b7f3e4d18a6d7e7b70f1e6cf5,1273,0.6666666666666666,1,370305,77.73302523474179,2,True,0.4265704,0.29347357,ff7c503e9b4f43819f4d712a2da0a078,ff7c503e9b4f43819f4d712a2da0a078|f0172286a95f4254b3e45aceacfa9340|6a35037133914287968b107fca93a80b|c49df913cb1c4b24b6a7c3d90ebfd915|905a2521dd53412588b3cea25ffa7a9a
da26bf5dc8b14238adec3af7cc454abd,1273,0.2777777777777778,3,282720,50.204958545918366,2,True,0.41612503,0.4024845,a98f899bae1b4eaba6b3c11bacd5b3df,c49df913cb1c4b24b6a7c3d90ebfd915|905a2521dd53412588b3cea25ffa7a9a|a98f899bae1b4eaba6b3c11bacd5b3df|f0172286a95f4254b3e45aceacfa9340|6a35037133914287968b107fca93a80b
0cff820aeccf4b8ebb1c976925c10290,1273,0.6428571428571428,1,556764,40.568670742753625,2,True,0.3764881,0.37764192,ff7c503e9b4f43819f4d712a2da0a078,ff7c503e9b4f43819f4d712a2da0a078|f0172286a95f4254b3e45aceacfa9340|c17f3a980ce64e2ca63f77f98ce18343|52eaf996c73445fcafbfa0a954ca7f2b|6a35037133914287968b107fca93a80b
7ee70bb18a5c461f8b082fdb6818f464,422,0.0,99,437145,99.84374114229026,1,True,0.37580678,0.72920436,f103a492918d427eab3b9f5ad0caa323,856a3fa4b1de48aca952bf70db8b03fb|43eebd3566f54b2083a6cc64d6177202|489cd2409ab241d3a241a5638ddee214|ac6eb8be0d84449a8d926b147a9fe276|467e768e888047cfb4bbb030d2aa81d4
14aba88913dd484b80f9f95db3c6676a,422,0.0,99,372232,134.4702068236715,1,True,0.43944746,0.6039765,113b5d350d5e4d40b099be5884f5ffdf,5ab52bb6a33e4c45a8e4b21060110a8d|317b319c62354cc88407d820846070ac|ef17e893a9fd47a1b43ca7dd03b92490|2c33cc0e7f7c4e9ab6f41113da171e95|52f00a62345f4958949b739382687f91
f5419a72fc684d87bff63f8dceef543b,1427,1.0,1,410436,35.311407520325204,1,True,0.40840784,0.11507059,0ea959d77b0c4ce9bdedfbb3678469bb,0ea959d77b0c4ce9bdedfbb3678469bb|6ef381caecc64539b58a5aefe7ed8203|1ed0a794a95749dab052d5ac4b432a6f|8cce315a9799468d9593586cfda00bb3|7d120d655d3146c2859cbceaa99ccc40
4b923259dd0e4e2b882a221e52b7ee20,1427,1.0,1,475500,45.66823948019802,1,True,0.41941577,0.21280946,0ea959d77b0c4ce9bdedfbb3678469bb,0ea959d77b0c4ce9bdedfbb3678469bb|1ed0a794a95749dab052d5ac4b432a6f|6ef381caecc64539b58a5aefe7ed8203|57d14849b180416c9e38213049b17530|275b60651ca54877ab956721ce176095
cc82e5696cd24c1aa72b85cc7322856d,1427,1.0,1,345100,94.79048766583747,1,True,0.61483234,0.3236286,9c93f372ed624303a230a85be3b7c278,9c93f372ed624303a230a85be3b7c278|6ef381caecc64539b58a5aefe7ed8203|1ed0a794a95749dab052d5ac4b432a6f|7d120d655d3146c2859cbceaa99ccc40|30691cdbebbc45f889447dea9a2fc611
9d38c29dd263494cbf55d7ca477d46a1,165,1.0,1,552069,84.65162468905473,5,True,0.64887404,0.25043848,43259b8a4dfd42b18a104364bb4b73ea,d34decaff6594e4aa733fa47b348d839|43259b8a4dfd42b18a104364bb4b73ea|325776ccc6ed4210b91b188438f94f0d|db3d3aba1d764c598a19211855ba65eb|98a5e1a221e648b6831e9d6c74271ed8
0c2288e325fd4df1954b42b00f37466e,165,1.0,1,544890,74.3466370162297,5,True,0.6320849,0.20113313,43259b8a4dfd42b18a104364bb4b73ea,d34decaff6594e4aa733fa47b348d839|43259b8a4dfd42b18a104364bb4b73ea|325776ccc6ed4210b91b188438f94f0d|db3d3aba1d764c598a19211855ba65eb|98a5e1a221e648b6831e9d6c74271ed8
160e079440d143e4a5c437670fb01315,56,0.25,4,559968,75.91882842664093,2,True,0.48761386,0.50915396,534538c89b6c4695aa0153521db26fef,4087f03111264cefbeaa7b7c0ddea964|b51dfdbb9fc247bb81f9b706e90c608a|b1ea10c9e6b04cca88b7775b87f0b6e0|534538c89b6c4695aa0153521db26fef|72e9ce6687bf4e7abca36ac46ced5c7a
e38251996b55476fb9ac85a5c65e63fd,56,0.45,2,267202,141.5665571011179,2,True,0.61875784,0.70398486,534538c89b6c4695aa0153521db26fef,32fde174f61a44fc891f6396a9e260cc|534538c89b6c4695aa0153521db26fef|2ed72c56e5014e6a9f480ac4714427f5|b1ea10c9e6b04cca88b7775b87f0b6e0|9d1ed6a602094dfca83312b6c2beeb09
338f55a87b0a47e788d0920a228da750,56,0.45,2,243807,140.75565873951783,2,True,0.61264133,0.71666557,534538c89b6c4695aa0153521db26fef,32fde174f61a44fc891f6396a9e260cc|534538c89b6c4695aa0153521db26fef|2ed72c56e5014e6a9f480ac4714427f5|b1ea10c9e6b04cca88b7775b87f0b6e0|9d1ed6a602094dfca83312b6c2beeb09
490e4f6f375d4d2e8e6868d20fdae949,56,0.20833333333333331,6,607239,66.87450499311295,2,True,0.48076364,0.51267296,534538c89b6c4695aa0153521db26fef,4087f03111264cefbeaa7b7c0ddea964|b51dfdbb9fc247bb81f9b706e90c608a|b1ea10c9e6b04cca88b7775b87f0b6e0|9d80e183006642e4a94d08ba36a8bb74|72e9ce6687bf4e7abca36ac46ced5c7a
b34ecbdc49dc479da2cc3ec0114b8ed3,56,0.7,1,265517,135.06281043046357,2,True,0.65176713,0.4974007,2175c291ccdc4b8196a62be92771a976,2175c291ccdc4b8196a62be92771a976|32fde174f61a44fc891f6396a9e260cc|2ed72c56e5014e6a9f480ac4714427f5|b1ea10c9e6b04cca88b7775b87f0b6e0|9d1ed6a602094dfca83312b6c2beeb09
a35b1bca6f124af1bfec14c0bc8bfe91,574,0.75,1,325182,79.30663162442396,2,True,0.74684423,0.41952032,a8dc0d476c8842ccae36ff05bbc94ffa,a8dc0d476c8842ccae36ff05bbc94ffa|affbaf5b24db4fc484ce50c6dcfce382|c077b3227d76459b8fbad78bd98e943c|6c64bb7bfb4541589ecaf4b0d29db58f|d91edbec54c74ff48e441b3883943d80
6fda816a184b426f9ee552c4b55a45e4,574,0.7,1,622450,56.76779312015504,2,True,0.70031655,0.31862086,8440c9bf03694628a137b3d9db62ea8d,8440c9bf03694628a137b3d9db62ea8d|affbaf5b24db4fc484ce50c6dcfce382|c077b3227d76459b8fbad78bd98e943c|d91edbec54c74ff48e441b3883943d80|6c64bb7bfb4541589ecaf4b0d29db58f
bc70cbceffac485d9ca2b2d6f49c4c56,574,0.29166666666666663,4,316635,126.21366808252426,2,True,0.37150595,0.45786253,8440c9bf03694628a137b3d9db62ea8d,5148e6655e0748e5aa41847022cbe4ff|d91edbec54c74ff48e441b3883943d80|affbaf5b24db4fc484ce50c6dcfce382|8440c9bf03694628a137b3d9db62ea8d|9f43cceedd4e4692aadefc29553e5a34
011c78822c0c44f381610d3b339fe126,574,1.0,1,324852,86.65153369815668,2,True,0.7309091,0.4529429,a8dc0d476c8842ccae36ff05bbc94ffa,a8dc0d476c8842ccae36ff05bbc94ffa|6c64bb7bfb4541589ecaf4b0d29db58f|d91edbec54c74ff48e441b3883943d80|5148e6655e0748e5aa41847022cbe4ff|affbaf5b24db4fc484ce50c6dcfce382
10b8cb3621e945819ba47af94604628d,717,0.6388888888888888,2,208086,144.08820517322098,3,True,0.35853854,0.32573032,0e8e604af2c34fe0a76978009087ef65,384151a9dbcb445fa4edd5f3f54c7e6e|0e8e604af2c34fe0a76978009087ef65|47ab87240899463185dbcbf9e646efb5|3c07690849734903baa740cf4f700e4d|74fa32c884b94fe9b57f7d00728ceb12
d5827710ea97436484ff130bf2a75132,717,1.0,1,720896,83.29745699179293,3,True,0.44414157,0.14439254,3c07690849734903baa740cf4f700e4d,3c07690849734903baa740cf4f700e4d|76175e4b08ea40f996dcba9eccd50dcf|47ab87240899463185dbcbf9e646efb5|7c1acdde921545d5837fa430f05e0c51|76b516d366894d17879058950f835f5b
17ca816c167043729a93e019ef54d0e0,1044,0.36408730158730157,4,780390,69.35960870726495,4,True,0.39380962,0.46289194,6a35037133914287968b107fca93a80b,c7a49dbc1ba84fee8abf7e85daff429e|52eaf996c73445fcafbfa0a954ca7f2b|c17f3a980ce64e2ca63f77f98ce18343|6a35037133914287968b107fca93a80b|a98f899bae1b4eaba6b3c11bacd5b3df
379936672c0d4a0393be6bf0cebbfae6,1044,0.6041666666666666,2,601680,63.924126221001224,4,True,0.49836355,0.48558146,905a2521dd53412588b3cea25ffa7a9a,ff7c503e9b4f43819f4d712a2da0a078|905a2521dd53412588b3cea25ffa7a9a|c49df913cb1c4b24b6a7c3d90ebfd915|6a35037133914287968b107fca93a80b|a98f899bae1b4eaba6b3c11bacd5b3df
978a94e0e210473184bfeeedb8cd5ceb,1044,0.7708333333333333,1,301056,59.72772216796875,4,True,0.46136612,0.44001743,6a35037133914287968b107fca93a80b,6a35037133914287968b107fca93a80b|ff7c503e9b4f43819f4d712a2da0a078|c49df913cb1c4b24b6a7c3d90ebfd915|905a2521dd53412588b3cea25ffa7a9a|a98f899bae1b4eaba6b3c11bacd5b3df
9335562e453f4b04adb36532dafd86d8,406,1.0,1,389402,121.84133473661485,3,True,0.6096393,0.1379302,7ca881a0820345d08b2ec3b5530f51d6,7ca881a0820345d08b2ec3b5530f51d6|476a98dc28c2414f9aa632ec8befa140|4d11d4234b824cb9a36b6275913d59d1|b2d1413561374dbf9dee7b7668c6eac2|f96b74c0ec4a49c88eb770e537b3d24e
d01f67993da54aa1ac4b31a4ff7c509b,1150,0.6666666666666666,1,358825,113.31247725618631,3,True,0.51359594,0.32928675,c979f0fa874e4a5aa25608962bbe9e62,c979f0fa874e4a5aa25608962bbe9e62|eaf4d4942f014fea836ba445fbfb1c7e|ee04941de1104a6c94a2d07cf6657dce|572cbdfc87794a6882e191ae1c90b6e6|2d20c60d3ca440eca63fe3d8c9ecc42a
0e0883a56b6045c0ac3d5a02fef403f9,1150,0.6333333333333333,1,236295,123.04668898809524,3,True,0.4897712,0.46376204,6a1d4be4bd514bd9aa329e9950045c41,6a1d4be4bd514bd9aa329e9950045c41|ee04941de1104a6c94a2d07cf6657dce|eaf4d4942f014fea836ba445fbfb1c7e|2d20c60d3ca440eca63fe3d8c9ecc42a|e58c4b75bd8244bb987d8f1c9f480bed
0df42995592a4422895df63cb58391f5,1150,0.625,1,203681,110.29481382978723,3,True,0.50103754,0.37076795,e58c4b75bd8244bb987d8f1c9f480bed,e58c4b75bd8244bb987d8f1c9f480bed|0bc3b834d3544a709653998b775f591c|ee04941de1104a6c94a2d07cf6657dce|572cbdfc87794a6882e191ae1c90b6e6|eaf4d4942f014fea836ba445fbfb1c7e
7cfe724c9e6c4b2e9a3cae782717f897,1004,0.8055555555555555,1,390772,136.97308204976304,3,True,0.7153439,0.3634812,7d90e3fa659841508cdaa39249b5bdc6,7d90e3fa659841508cdaa39249b5bdc6|b4d53e4f5492400e9f07c95ec5650e2b|f59d08a9cb27412eb9fd930f4e27a2ac|dba8a86890be4938a9b637b656f8314d|3372d41e018442d49d3275690a2fc32e
80a1ec7f37084b66870aa2f6abb6dff0,1004,1.0,1,605055,141.8616875,3,True,0.730295,0.2306207,f59d08a9cb27412eb9fd930f4e27a2ac,f59d08a9cb27412eb9fd930f4e27a2ac|7d90e3fa659841508cdaa39249b5bdc6|f4f361e7f9614057ac04a37c52ae0c64|b4d53e4f5492400e9f07c95ec5650e2b|3372d41e018442d49d3275690a2fc32e
39ce9e8eb0f04b72abe1a9dc16d3b529,1004,1.0,1,600912,138.11671686746988,3,True,0.8005992,0.25108036,f59d08a9cb27412eb9fd930f4e27a2ac,f59d08a9cb27412eb9fd930f4e27a2ac|7d90e3fa659841508cdaa39249b5bdc6|f4f361e7f9614057ac04a37c52ae0c64|b4d53e4f5492400e9f07c95ec5650e2b|3372d41e018442d49d3275690a2fc32e
7ea76d771d654461847f17fbaf143702,1004,0.8055555555555555,1,197809,84.25125,3,True,0.75582033,0.39814925,f4f361e7f9614057ac04a37c52ae0c64,f4f361e7f9614057ac04a37c52ae0c64|b4d53e4f5492400e9f07c95ec5650e2b|dba8a86890be4938a9b637b656f8314d|f59d08a9cb27412eb9fd930f4e27a2ac|3372d41e018442d49d3275690a2fc32e
7d062086b95840ed887953a6cddb7b56,1396,1.0,1,277018,48.96703506097561,1,True,0.35633436,0.56956565,d47a3ab303bd446f8044d265fc02c4d9,d47a3ab303bd446f8044d265fc02c4d9|c439b3cf29744a07b573f312152d710d|7e77a2656e8846b48e9d5c678e7b5128|cd5ead4f82e646c9b4dcad5123ea9a4d|6fc4448428ff4f9fb4a057ef93e0042b
6ac4dc8e417f45f7b92b01d7e82c3a69,1396,1.0,1,48600,114.45543209876543,1,True,0.33623418,0.32579592,61699d23e8194521ba372cd9d61fe577,61699d23e8194521ba372cd9d61fe577|c439b3cf29744a07b573f312152d710d|7e77a2656e8846b48e9d5c678e7b5128|b1624a6e9dca47c5b1cf52678271be32|572cbdfc87794a6882e191ae1c90b6e6
1c7588b54305445cb800f09b8d40b12f,1396,1.0,1,61642,69.39359527594821,1,True,0.46243483,0.45599383,61699d23e8194521ba372cd9d61fe577,61699d23e8194521ba372cd9d61fe577|c439b3cf29744a07b573f312152d710d|7e77a2656e8846b48e9d5c678e7b5128|56fd841efa844197a614a70b3784b7ae|553cf78505c6462a840c70001fb14edd
609d30e3c2d04df397a3f775c649b7a5,1396,0.5,2,277018,49.81318809281843,1,True,0.33126515,0.5712468,d47a3ab303bd446f8044d265fc02c4d9,c439b3cf29744a07b573f312152d710d|d47a3ab303bd446f8044d265fc02c4d9|7e77a2656e8846b48e9d5c678e7b5128|cd5ead4f82e646c9b4dcad5123ea9a4d|6fc4448428ff4f9fb4a057ef93e0042b
93cafa7a655748d9af153f04f3660a98,773,0.10317460317460318,3,567522,58.57329776422764,6,True,0.36078155,0.5225904,804fe0590cc34e68a0ea44f33c1f976e,13298d7fb36a42b18593b7d472856de4|3c3022f7cea84b74ac4e085a37f2b4a3|804fe0590cc34e68a0ea44f33c1f976e|fb9e353ede214bdaa1b70fe77d081db9|167852b9df1e407880f518160d329303
9e86ac8df372464584fbbd67b3cb26dc,73,1.0,1,463233,121.94078351449275,5,True,0.81296825,0.4090986,4dd03d16715a49d98fce909b629115fe,4dd03d16715a49d98fce909b629115fe|19b59a6a8149445da022f27bdb4bafb0|13341f03627a44eda8e36eab97d7ac14|ddb07be9f49c4535abc6a631d8c1e592|ce863f7920704f9b9894ab6863d191c7
4038e650bbd14697a1dddbe92d7daf4a,73,1.0,1,541684,115.32842807112068,5,True,0.6204119,0.43688452,4dd03d16715a49d98fce909b629115fe,13341f03627a44eda8e36eab97d7ac14|4dd03d16715a49d98fce909b629115fe|0971a73ee5594b598e8fc8f5774b7def|19b59a6a8149445da022f27bdb4bafb0|ce863f7920704f9b9894ab6863d191c7
c62011c694af4d06851a74e4210ecf52,1467,1.0,1,447412,98.1658584770115,1,True,0.3918145,0.36733824,50355e615ea74d449185436ff81c6ba6,50355e615ea74d449185436ff81c6ba6|cae85d2846bc4be08debaebcffcc921f|ede6b60cb44348ce9bf3699b700920ff|6c3395385d064f4ba64c931500a11d32|478c4e4a35d7432f8d7f16153b1702c4
ea2b0f0f25ea4ba8bcab8642ec35db31,1467,1.0,1,209836,86.75172526041666,1,True,0.37160727,0.24884205,7c9bd8dbe7244d559fea35071cc4013b,7c9bd8dbe7244d559fea35071cc4013b|6c3395385d064f4ba64c931500a11d32|478c4e4a35d7432f8d7f16153b1702c4|ede6b60cb44348ce9bf3699b700920ff|cae85d2846bc4be08debaebcffcc921f
f73c5becef754584be72b16d9dd448f2,1467,1.0,1,227088,97.79356800426136,1,True,0.40999848,0.3319218,7c9bd8dbe7244d559fea35071cc4013b,7c9bd8dbe7244d559fea35071cc4013b|6c3395385d064f4ba64c931500a11d32|ede6b60cb44348ce9bf3699b700920ff|478c4e4a35d7432f8d7f16153b1702c4|cae85d2846bc4be08debaebcffcc921f
75c4642452e64913bf94747b94f27452,1467,1.0,1,446337,89.04944900257401,1,True,0.43088698,0.3464068,50355e615ea74d449185436ff81c6ba6,50355e615ea74d449185436ff81c6ba6|cae85d2846bc4be08debaebcffcc921f|ede6b60cb44348ce9bf3699b700920ff|6c3395385d064f4ba64c931500a11d32|478c4e4a35d7432f8d7f16153b1702c4
f8d457f9dbbe4909a84561ed2d899678,815,1.0,1,393450,120.47250918273646,3,True,0.64106745,0.1651738,6ad8ab44029548748f26b28fe970681d,6ad8ab44029548748f26b28fe970681d|715d426f883e42409e42f5dfcf8fe259|5851eb22f6104ec3824595cfd7e84454|fc1c73e86c63469b8fedd158425af6fc|44fe4096dcc444a4bdd05238e9c09f90
517ffc01bcea44c1b7a928dcd62a623c,815,1.0,1,393414,113.41892552946592,3,True,0.6166793,0.36031502,6ad8ab44029548748f26b28fe970681d,6ad8ab44029548748f26b28fe970681d|715d426f883e42409e42f5dfcf8fe259|5851eb22f6104ec3824595cfd7e84454|44fe4096dcc444a4bdd05238e9c09f90|3a717ef240b14631821f8cee194b9d77
77d02f0989ed4212947b13758b96a36e,815,1.0,1,285324,114.2625728046595,3,True,0.6361259,0.21072194,dca6275103b748bca7d0c3c22e0cfbd6,dca6275103b748bca7d0c3c22e0cfbd6|5851eb22f6104ec3824595cfd7e84454|715d426f883e42409e42f5dfcf8fe259|aeea3a385c8a4186a0bba296d4b42db9|44fe4096dcc444a4bdd05238e9c09f90
3117715a37d848dd80c94c6c875b0a39,815,1.0,1,320112,122.91824104879595,3,True,0.7618661,0.15877843,715d426f883e42409e42f5dfcf8fe259,715d426f883e42409e42f5dfcf8fe259|6ad8ab44029548748f26b28fe970681d|dca6275103b748bca7d0c3c22e0cfbd6|efd32a0784184992b8d9b7549872158f|e41d2c9d21594adf95bf12ee920d4a97
cd0b93bfa66c42c99cdf56378f6e9c3d,1079,1.0,1,486902,106.81347327441077,1,True,0.5785066,0.36731672,affbaf5b24db4fc484ce50c6dcfce382,affbaf5b24db4fc484ce50c6dcfce382|8440c9bf03694628a137b3d9db62ea8d|a8dc0d476c8842ccae36ff05bbc94ffa|6c64bb7bfb4541589ecaf4b0d29db58f|5148e6655e0748e5aa41847022cbe4ff
0f332ed13d8a4c1192a2ede8ad07af5c,1079,1.0,1,382102,138.76811231303418,1,True,0.49920315,0.36552066,c077b3227d76459b8fbad78bd98e943c,c077b3227d76459b8fbad78bd98e943c|6c64bb7bfb4541589ecaf4b0d29db58f|5148e6655e0748e5aa41847022cbe4ff|d91edbec54c74ff48e441b3883943d80|8440c9bf03694628a137b3d9db62ea8d
b4b9765d0ff34bc18f4aec618d74b13f,1079,1.0,1,379192,129.1115049254526,1,True,0.4588812,0.42457253,c077b3227d76459b8fbad78bd98e943c,c077b3227d76459b8fbad78bd98e943c|8440c9bf03694628a137b3d9db62ea8d|6c64bb7bfb4541589ecaf4b0d29db58f|5148e6655e0748e5aa41847022cbe4ff|a8dc0d476c8842ccae36ff05bbc94ffa
5c692104d8ac4008bf0fe24139e10002,1079,1.0,1,506550,116.28289809149184,1,True,0.5389473,0.35732207,affbaf5b24db4fc484ce50c6dcfce382,affbaf5b24db4fc484ce50c6dcfce382|8440c9bf03694628a137b3d9db62ea8d|a8dc0d476c8842ccae36ff05bbc94ffa|6c64bb7bfb4541589ecaf4b0d29db58f|5148e6655e0748e5aa41847022cbe4ff
e66590ed7cb44bfe95a3403f7d5d9c21,474,1.0,1,405416,144.29718412769785,1,True,0.5450624,0.31846404,d3c11a696e8c49a4bcd4950226f63847,d3c11a696e8c49a4bcd4950226f63847|261aa5e36a2d49d1a5f8c027cd4dbbba|52eca33b9d8a44b483910d3e777185b3|b64f22beda0c4785ab30d227b3790794|94945598ed5d4204be76594b932b1695
570beeb88d4a48769f5edf060889f5d0,474,1.0,1,408408,142.75115327380954,1,True,0.528637,0.32079792,d3c11a696e8c49a4bcd4950226f63847,d3c11a696e8c49a4bcd4950226f63847|261aa5e36a2d49d1a5f8c027cd4dbbba|52eca33b9d8a44b483910d3e777185b3|94945598ed5d4204be76594b932b1695|b64f22beda0c4785ab30d227b3790794
823b52f7a85842ea909a9ef217cbca76,474,1.0,1,377500,133.30505250449235,1,True,0.61567825,0.31428272,62e4c46453d44df39484214b1dcc3adf,62e4c46453d44df39484214b1dcc3adf|52eca33b9d8a44b483910d3e777185b3|261aa5e36a2d49d1a5f8c027cd4dbbba|94945598ed5d4204be76594b932b1695|c7b08a2c35a94fddb2c8662bcde4e4ac
cf313bcd4424467c862131f828327706,474,1.0,1,449064,140.00327128343622,1,True,0.55678236,0.23090482,62e4c46453d44df39484214b1dcc3adf,62e4c46453d44df39484214b1dcc3adf|261aa5e36a2d49d1a5f8c027cd4dbbba|52eca33b9d8a44b483910d3e777185b3|94945598ed5d4204be76594b932b1695|563a4f2d7f86455db1554d7d12ef4438
70f1f067995e4c049a5aa51e644384c3,7,0.3333333333333333,3,263780,150.9640609726295,1,True,0.5812426,0.46928114,8009223cb26e484ba2bd0acb1c0b3134,d91edbec54c74ff48e441b3883943d80|6c64bb7bfb4541589ecaf4b0d29db58f|8009223cb26e484ba2bd0acb1c0b3134|5148e6655e0748e5aa41847022cbe4ff|f704bcc23c124b6c8b1ff1bc6d497a23
5cd207433c594270a775359c342cfe6d,7,1.0,1,211591,143.76841468777485,1,True,0.5547655,0.32420564,9f43cceedd4e4692aadefc29553e5a34,9f43cceedd4e4692aadefc29553e5a34|d91edbec54c74ff48e441b3883943d80|8440c9bf03694628a137b3d9db62ea8d|5148e6655e0748e5aa41847022cbe4ff|a8dc0d476c8842ccae36ff05bbc94ffa
7bf0996284cf465d95fb1ed81b4afb9f,7,0.5,2,259826,143.10521634615384,1,True,0.5555171,0.5180447,8009223cb26e484ba2bd0acb1c0b3134,6c64bb7bfb4541589ecaf4b0d29db58f|8009223cb26e484ba2bd0acb1c0b3134|d91edbec54c74ff48e441b3883943d80|5148e6655e0748e5aa41847022cbe4ff|f704bcc23c124b6c8b1ff1bc6d497a23
0a61df0e4fc54580af7bed1188b6ea8f,7,1.0,1,209763,147.63074689136127,1,True,0.5548905,0.2954587,9f43cceedd4e4692aadefc29553e5a34,9f43cceedd4e4692aadefc29553e5a34|22d2aaaf38444817a5a04fbb497d0c66|8440c9bf03694628a137b3d9db62ea8d|a8dc0d476c8842ccae36ff05bbc94ffa|d91edbec54c74ff48e441b3883943d80
7dfb36d81eb74794accc9896d019e36e,384,0.6428571428571428,1,190526,72.83064692982457,2,True,0.5818674,0.4695167,2314f25800104836bab53f981cb5f52e,2314f25800104836bab53f981cb5f52e|8268200e966a49afa792da2ce839917a|4e8a00576c374f28b1a0e193c6fc3131|e2de7959eafc498db27f522b9cac75ae|25fe4ed7ba5b433b9ae84795ea909729
c94fd6aadef34659b5b6c30780e4d4e7,384,0.41666666666666663,3,483084,58.60448717948718,2,True,0.38695914,0.5116079,2314f25800104836bab53f981cb5f52e,fc7507f7b2a649a99b670e047a94526a|8fdfac30ce5a466592f14b41b7cde82a|2314f25800104836bab53f981cb5f52e|0bfa08d841404ec9ad2a24d3c3fb3f6c|8ae31f73c20749c4b70bf7d140eee3b0
8ca2b319e3784084a28e04d43b57b295,384,0.6666666666666666,1,183606,63.79241365131579,2,True,0.5493059,0.46587208,2314f25800104836bab53f981cb5f52e,2314f25800104836bab53f981cb5f52e|8268200e966a49afa792da2ce839917a|4e8a00576c374f28b1a0e193c6fc3131|e2de7959eafc498db27f522b9cac75ae|ba8a425eb0a54c828ae20e3392809805
a6d3d8d917254ba292c75cd423ae2380,384,0.41666666666666663,3,484480,39.39192307692308,2,True,0.36839527,0.4403651,2314f25800104836bab53f981cb5f52e,fc7507f7b2a649a99b670e047a94526a|8fdfac30ce5a466592f14b41b7cde82a|2314f25800104836bab53f981cb5f52e|0bfa08d841404ec9ad2a24d3c3fb3f6c|4e8a00576c374f28b1a0e193c6fc3131
344070f55ddf4d7dbca57c61119b594d,277,1.0,1,200070,126.5978587962963,1,True,0.56572956,0.4168857,4e8a00576c374f28b1a0e193c6fc3131,4e8a00576c374f28b1a0e193c6fc3131|0bfa08d841404ec9ad2a24d3c3fb3f6c|2314f25800104836bab53f981cb5f52e|56a2c05bfd084a8eb1fe99a58ff6ddc6|c149bb9deea64c22b03954cf4ec4cd73
548fa49a676b49298148af019ee46eb0,277,0.5,2,223166,100.73901168699187,1,True,0.57595325,0.641852,e2de7959eafc498db27f522b9cac75ae,2314f25800104836bab53f981cb5f52e|e2de7959eafc498db27f522b9cac75ae|0bfa08d841404ec9ad2a24d3c3fb3f6c|8268200e966a49afa792da2ce839917a|56a2c05bfd084a8eb1fe99a58ff6ddc6
9af8896281814d9285cb322824b525d9,277,1.0,1,224555,103.15212732742961,1,True,0.5772048,0.56115437,e2de7959eafc498db27f522b9cac75ae,e2de7959eafc498db27f522b9cac75ae|0bfa08d841404ec9ad2a24d3c3fb3f6c|2314f25800104836bab53f981cb5f52e|8268200e966a49afa792da2ce839917a|56a2c05bfd084a8eb1fe99a58ff6ddc6
26849b377a7841fbb72f5086eec4b83b,277,1.0,1,198588,128.67032251602564,1,True,0.54665416,0.41676885,4e8a00576c374f28b1a0e193c6fc3131,4e8a00576c374f28b1a0e193c6fc3131|0bfa08d841404ec9ad2a24d3c3fb3f6c|2314f25800104836bab53f981cb5f52e|8268200e966a49afa792da2ce839917a|56a2c05bfd084a8eb1fe99a58ff6ddc6
6373073c60f04a9c85cc3892c3be2fb5,531,1.0,1,399111,112.76596685971685,1,True,0.32382303,0.42830434,217dc224802e4ddcb45cd42e065f23a6,217dc224802e4ddcb45cd42e065f23a6|2c532fd800dc4fcf96651c0ce0cc07ed|bf6461076aea41bdaa1306e14ed7a8dd|0b18f806cde7476eb5930175aaa23579|3d402a6091df40e78314d46d7db7a439
ee32e1bb984c438c936caeff1527d2d1,531,1.0,1,400149,114.19944081072352,1,True,0.34697047,0.41147715,217dc224802e4ddcb45cd42e065f23a6,217dc224802e4ddcb45cd42e065f23a6|2c532fd800dc4fcf96651c0ce0cc07ed|bf6461076aea41bdaa1306e14ed7a8dd|0b18f806cde7476eb5930175aaa23579|3d402a6091df40e78314d46d7db7a439
d3a8be953eb5462f8986fc82d075ec43,531,1.0,1,130603,124.72913332771836,1,True,0.35899135,0.43207276,de71dc0548c84058a6a1ba4b3138a31b,de71dc0548c84058a6a1ba4b3138a31b|0b18f806cde7476eb5930175aaa23579|2c532fd800dc4fcf96651c0ce0cc07ed|bf6461076aea41bdaa1306e14ed7a8dd|e93d55f4704a4361ae52db4e778b7f4d
af8ce567b58b4d2481da9033f275e932,531,1.0,1,129159,122.16331808081512,1,True,0.3685807,0.40751725,de71dc0548c84058a6a1ba4b3138a31b,de71dc0548c84058a6a1ba4b3138a31b|0b18f806cde7476eb5930175aaa23579|2c532fd800dc4fcf96651c0ce0cc07ed|bf6461076aea41bdaa1306e14ed7a8dd|e7b5a88fa3104ae2af731e24812f1567
ddeb6af3cf0544d7b49674f205283219,481,1.0,1,145923,147.44269923178663,1,True,0.35580605,0.17695633,620f0d06a77645a9bd3fa2a702ce8311,620f0d06a77645a9bd3fa2a702ce8311|762a981e62a4491e9ed2f7d5c520844f|325776ccc6ed4210b91b188438f94f0d|98a5e1a221e648b6831e9d6c74271ed8|d34decaff6594e4aa733fa47b348d839
e069b2c13bef4010803240f63f330142,481,1.0,1,140980,150.5461271102284,1,True,0.36045444,0.19085833,620f0d06a77645a9bd3fa2a702ce8311,620f0d06a77645a9bd3fa2a702ce8311|762a981e62a4491e9ed2f7d5c520844f|325776ccc6ed4210b91b188438f94f0d|98a5e1a221e648b6831e9d6c74271ed8|d34decaff6594e4aa733fa47b348d839
943c7ac8db424eaea2fb8b8b42d778ae,1417,1.0,1,173116,101.44678685897436,3,True,0.65126973,0.44190666,6800fb4be297494b82424c0e818e8afc,6800fb4be297494b82424c0e818e8afc|aac8c5dbda5e4125b2a9453a56b20638|5046f4617ef84b66a65951d53bc8c8af|98cfd66705034edf8b2932673e64c24b|2e53d49a71e14818819f9ef0cca1e33a
5622ff544cbf48e995e74249b2e39473,1417,1.0,1,173184,102.12752452854231,3,True,0.6528697,0.4631074,6800fb4be297494b82424c0e818e8afc,6800fb4be297494b82424c0e818e8afc|aac8c5dbda5e4125b2a9453a56b20638|5046f4617ef84b66a65951d53bc8c8af|98cfd66705034edf8b2932673e64c24b|2e53d49a71e14818819f9ef0cca1e33a
9c297bbcb57b4f3c90cfbe79298b6123,231,0.14285714285714285,7,330120,100.8860697492163,1,True,0.3308333,0.33209994,fc7507f7b2a649a99b670e047a94526a,2314f25800104836bab53f981cb5f52e|0bfa08d841404ec9ad2a24d3c3fb3f6c|4e8a00576c374f28b1a0e193c6fc3131|e2de7959eafc498db27f522b9cac75ae|d7adc6daaa964fbcbb5196dccf726281
7500b0b20a244ccdbf3ff81bbef97b25,231,0.125,8,330644,101.2750946969697,1,True,0.35180068,0.36100566,fc7507f7b2a649a99b670e047a94526a,2314f25800104836bab53f981cb5f52e|0bfa08d841404ec9ad2a24d3c3fb3f6c|4e8a00576c374f28b1a0e193c6fc3131|e2de7959eafc498db27f522b9cac75ae|25fe4ed7ba5b433b9ae84795ea909729
b27a57ffad3645749b476ffb6f517698,231,0.5,2,373449,89.43079620462046,1,True,0.39693272,0.37697726,8268200e966a49afa792da2ce839917a,d7adc6daaa964fbcbb5196dccf726281|8268200e966a49afa792da2ce839917a|6753429fea5f4148ab49a4204fedfd03|952f8d0e39c44fdb97b2e3998fd2b26a|2314f25800104836bab53f981cb5f52e
aa2138393359408ca8974e017d02cef2,231,0.125,8,370440,102.6555022689769,1,True,0.26159877,0.49535367,8268200e966a49afa792da2ce839917a,d7adc6daaa964fbcbb5196dccf726281|6753429fea5f4148ab49a4204fedfd03|2314f25800104836bab53f981cb5f52e|0bfa08d841404ec9ad2a24d3c3fb3f6c|8fdfac30ce5a466592f14b41b7cde82a
57633a8b51d04fbabf5b4744bfba59d8,527,0.6433333333333333,1,271058,101.66963306704261,5,True,0.54643923,0.5339535,3ed52f12f44a43bba8f61bf750b213c4,3ed52f12f44a43bba8f61bf750b213c4|1878b774e33140b49cc521336eb70eeb|36f1277380504352a6ca67241629f6a2|1284d8c4d64d4cf6b792b562c6ecaef4|cfef4b92d5ae472b8826da15cbce687b
4cf02a5e7de54906956b0fcea61b9313,527,0.0,99,358644,64.89035714285714,5,True,0.31226254,0.37629205,36f1277380504352a6ca67241629f6a2,efdb8128e1ec4ed4b35c448438503c44|e7b5a88fa3104ae2af731e24812f1567|242ecdbe127a4ba79a318c333de8bd44|2c532fd800dc4fcf96651c0ce0cc07ed|762a981e62a4491e9ed2f7d5c520844f
739773d9b92b4418ad81a939f759dbf6,147,1.0,1,246981,150.0290343581989,1,True,0.49399048,0.36343363,684a55dcfe9c449f8564d48e5daf2f33,684a55dcfe9c449f8564d48e5daf2f33|3710c4ae599b4b908245fb626f0af3b3|f64d5d70431a4a8fa0693e6afb9b17e7|05cd40d3848e46d4b5f520fc743be8dd|3ae1a1e1c37345aba6eddf39c2ae30f7
2e9f5d2ef9b24e08ab3d6017b544dce3,147,1.0,1,238779,95.73204097510373,1,True,0.4772738,0.5461863,f7e5702d44204fd78bc6f9aa2070364c,f7e5702d44204fd78bc6f9aa2070364c|f64d5d70431a4a8fa0693e6afb9b17e7|2ed6d9d600634482907c40f5e653545f|870225c86d8b4339aa7ce6661ab86040|abecc41135b043b1a0bda9fcb3115de8
1c784f0c1f814acf87139ad31bbc96b3,147,0.5,2,240172,95.06279175311204,1,True,0.4859793,0.54753256,f7e5702d44204fd78bc6f9aa2070364c,f64d5d70431a4a8fa0693e6afb9b17e7|f7e5702d44204fd78bc6f9aa2070364c|2ed6d9d600634482907c40f5e653545f|870225c86d8b4339aa7ce6661ab86040|abecc41135b043b1a0bda9fcb3115de8
3b7cf5ac1c8d417dbafcaa2f5d53e8c9,147,1.0,1,248219,141.53194026104418,1,True,0.49433887,0.34806973,684a55dcfe9c449f8564d48e5daf2f33,684a55dcfe9c449f8564d48e5daf2f33|3710c4ae599b4b908245fb626f0af3b3|f64d5d70431a4a8fa0693e6afb9b17e7|05cd40d3848e46d4b5f520fc743be8dd|870225c86d8b4339aa7ce6661ab86040
9a0798ce50434794a771da45c46b3f48,471,1.0,1,379639,88.15911712812161,1,True,0.5696492,0.39710253,a9c3e631dd4f4158a09fa30c3689a210,a9c3e631dd4f4158a09fa30c3689a210|b0ed62b1e060407a8626082c4b12d3fd|2e0a7baaa678405fbd3fe75e007cad8d|c404defce42d4590ba091e82245aa373|6eefe7a96c4d4beb923676b334c60fc7
6676046cdd7d4d389cef9950d917ef0d,471,1.0,1,198900,135.36510140362512,1,True,0.5720621,0.09487542,7abb2ca8bc48441e8aedf1e6965ddb18,7abb2ca8bc48441e8aedf1e6965ddb18|b0ed62b1e060407a8626082c4b12d3fd|f0fb7abab5ee4c979b0596d394fa3169|8ded18787e674f9e9b27dffa935829dd|c404defce42d4590ba091e82245aa373
dbae7ee5daad4771be0585ec010c4892,471,1.0,1,205650,136.88151730599648,1,True,0.58007705,0.15098819,7abb2ca8bc48441e8aedf1e6965ddb18,7abb2ca8bc48441e8aedf1e6965ddb18|b0ed62b1e060407a8626082c4b12d3fd|6eefe7a96c4d4beb923676b334c60fc7|f0fb7abab5ee4c979b0596d394fa3169|8ded18787e674f9e9b27dffa935829dd
4f16dbd6a6e248f2beab3a0e001bd38e,1478,1.0,1,386784,63.93948412698413,1,True,0.5577924,0.37379697,8e5b87e314f149838a653595ee85ca15,8e5b87e314f149838a653595ee85ca15|a59cdfc9a4224ea8a5a975fd2c2010c0|bdef5e989b8d4b868ce06b51ce8ac81b|75800c15a29a4964a7ec2cbce20135eb|b0d43e2fd63148929cf050bde5db6470
f1b38e1b9248477b8592006bb781709b,1478,1.0,1,384651,58.453133918378995,1,True,0.5436615,0.13058144,8e5b87e314f149838a653595ee85ca15,8e5b87e314f149838a653595ee85ca15|384151a9dbcb445fa4edd5f3f54c7e6e|f321bd0faa0f4ae198e16052629f1829|a59cdfc9a4224ea8a5a975fd2c2010c0|bdef5e989b8d4b868ce06b51ce8ac81b
e2bf8ffc26f649f3bb098acc3e6a26e0,1478,0.0,99,259692,126.92713781380753,1,True,0.09997721,0.18210249,c197df735e2c4002988bc497af277bca,a764040c54b74140bea40324c6af698c|84f3af21cd0c46d6b703f72279d0b7cf|bc7ad0595d084131991f885266aafd49|5e65c6dacf3d406db869a2c735160040|d82db0f42ca84098901d08a17a077690
7c539d772a2542a19acaa5c1e6df97bc,1478,1.0,1,422906,47.94877400548697,1,True,0.5716741,0.3690689,c197df735e2c4002988bc497af277bca,c197df735e2c4002988bc497af277bca|56fd841efa844197a614a70b3784b7ae|553cf78505c6462a840c70001fb14edd|75800c15a29a4964a7ec2cbce20135eb|a98f899bae1b4eaba6b3c11bacd5b3df
6fa3963b3ff04c329fa536e9575cc48c,1162,1.0,1,342200,112.26566666666666,1,True,0.7159531,0.21518566,76b516d366894d17879058950f835f5b,76b516d366894d17879058950f835f5b|90eb0706e2124a2d89cd5c268f594c42|ee04941de1104a6c94a2d07cf6657dce|24854f6058d0495bb731f392cd390f66|eaf4d4942f014fea836ba445fbfb1c7e
26d4e4f2fe83468c918e0a34a37d1939,1162,1.0,1,299085,110.60920138888889,1,True,0.52308935,0.29935443,76b516d366894d17879058950f835f5b,76b516d366894d17879058950f835f5b|ee04941de1104a6c94a2d07cf6657dce|20150b1d4ab44bf7900be0821a256bc3|eaf4d4942f014fea836ba445fbfb1c7e|572cbdfc87794a6882e191ae1c90b6e6
734ac3d34c5845dc8b381cb745be13a2,385,0.16666666666666666,6,516078,124.83078231292517,1,True,0.39780074,0.49138713,00b198c9bd9f45079a7bbcd420f09c49,d05a5b1a335f4e83a1e5ffd75a69c7bb|06b6fd899f4140a692e8c941ccdfd346|f4a69bf7688044f39b00d77186e71a1a|5cabf3e68268472ca4a915a378c67e65|15176bdecb8d4a1e90b73a82e4bbd577
3b901a6cf6a94e169edb109ffc738768,385,0.1111111111111111,9,321372,138.60407061133878,1,True,0.36824763,0.570866,f4e982788f2d4032ba2c15834f59abc6,052d9565e1c545b69509364d80426804|5cabf3e68268472ca4a915a378c67e65|ae00de811b514c0abc0bc74db2c1721b|8c05c5c1293344a7aca8858429d92f78|de0ef0c5e9bf438d807932ca29fec8d6
437d8e78ed7349059d4c35c73b9c3af0,385,0.0,99,321630,124.50522959183674,1,True,0.40727422,0.48097458,f4e982788f2d4032ba2c15834f59abc6,052d9565e1c545b69509364d80426804|5cabf3e68268472ca4a915a378c67e65|ae00de811b514c0abc0bc74db2c1721b|0bc3b834d3544a709653998b775f591c|8c05c5c1293344a7aca8858429d92f78
79a3b7b7fc3a419ea338b78f75d2629d,385,0.2,5,513513,125.3585554145516,1,True,0.41369924,0.49589878,00b198c9bd9f45079a7bbcd420f09c49,d05a5b1a335f4e83a1e5ffd75a69c7bb|5cabf3e68268472ca4a915a378c67e65|06b6fd899f4140a692e8c941ccdfd346|f4a69bf7688044f39b00d77186e71a1a|00b198c9bd9f45079a7bbcd420f09c49
a62d99d7ae51444b87eb078ac3b1b298,922,1.0,1,262679,115.72672526041667,1,True,0.38296008,0.17343982,76fdf310a628469bb06adb9e73a20452,76fdf310a628469bb06adb9e73a20452|3a311352b3ff49ddb405d6a9616643e8|de71dc0548c84058a6a1ba4b3138a31b|2c532fd800dc4fcf96651c0ce0cc07ed|bf6461076aea41bdaa1306e14ed7a8dd
5065c0ef56b64315aaca81e0ef832a46,922,1.0,1,276930,113.60360863095238,1,True,0.50464594,0.13378133,76fdf310a628469bb06adb9e73a20452,76fdf310a628469bb06adb9e73a20452|3a311352b3ff49ddb405d6a9616643e8|bf6461076aea41bdaa1306e14ed7a8dd|de71dc0548c84058a6a1ba4b3138a31b|2c532fd800dc4fcf96651c0ce0cc07ed
6b08d570cff14d49a05823008c25ecf5,922,1.0,1,885740,90.27055776014109,1,True,0.35221756,0.33594802,e1882eb040a34772871bca79b6cf4cd7,e1882eb040a34772871bca79b6cf4cd7|3a311352b3ff49ddb405d6a9616643e8|6b3a1cb221e7469693e9c0bc84ac432e|13625808f91c44ee902b5179b2aa53ba|452615bc032d49339277cd0346d92474
e2f71b38eefa4a69a51d0980e70c8d6a,922,1.0,1,886418,93.79920504385964,1,True,0.3888565,0.3428839,e1882eb040a34772871bca79b6cf4cd7,e1882eb040a34772871bca79b6cf4cd7|3a311352b3ff49ddb405d6a9616643e8|6b3a1cb221e7469693e9c0bc84ac432e|8ded18787e674f9e9b27dffa935829dd|f0fb7abab5ee4c979b0596d394fa3169
69d255edd1dd44ebba2b8bd7a7619e10,1020,1.0,1,275110,148.2650564847418,1,True,0.6792049,0.46723095,59fdb0273ecd449ea0fa306f14fc28b3,59fdb0273ecd449ea0fa306f14fc28b3|b5e2d620134f435e8338754b9b7e481c|89142875ceb84465b665ef999283e77a|056498a8ee3d4d9a9974ca124c65c3e3|319d53a33b244051ae4b09e3c39463ea
70bb79362d1942148a5dfdc80e00ee6f,1020,1.0,1,244125,146.21792515082956,1,True,0.698656,0.58967054,c1df5dce1fa946b68188af887a2244e0,c1df5dce1fa946b68188af887a2244e0|89142875ceb84465b665ef999283e77a|b5e2d620134f435e8338754b9b7e481c|056498a8ee3d4d9a9974ca124c65c3e3|8147ea1a93364a48901d7dc639aff1a1
e90298d10720429d9c0261585bbdf6e1,1020,1.0,1,269620,145.6857389088729,1,True,0.6818415,0.47156745,59fdb0273ecd449ea0fa306f14fc28b3,59fdb0273ecd449ea0fa306f14fc28b3|b5e2d620134f435e8338754b9b7e481c|89142875ceb84465b665ef999283e77a|056498a8ee3d4d9a9974ca124c65c3e3|0bc3b834d3544a709653998b775f591c
3d2e332c9c8441fc9a7876e85fc1288a,1020,1.0,1,246181,143.94695476726727,1,True,0.6975993,0.60220164,c1df5dce1fa946b68188af887a2244e0,c1df5dce1fa946b68188af887a2244e0|89142875ceb84465b665ef999283e77a|b5e2d620134f435e8338754b9b7e481c|056498a8ee3d4d9a9974ca124c65c3e3|ed90c9732ed34546a0a5616d2ae1f3de
4e3e34b486ee464ba4b740971205760d,329,1.0,1,290686,126.79466221098266,2,True,0.36996967,0.110603645,d184e59659bc4d11a5328394cfa5d64c,d184e59659bc4d11a5328394cfa5d64c|f68901df3a2446aab4ad1535d9857794|c842dfe7724e4bb8b99f68a7906bcf91|db3d3aba1d764c598a19211855ba65eb|43259b8a4dfd42b18a104364bb4b73ea
41c1b16297d6440296b8b87ea81159f5,329,1.0,1,161588,126.29326656693263,2,True,0.8365907,0.43401098,f68901df3a2446aab4ad1535d9857794,f68901df3a2446aab4ad1535d9857794|408ba04855544593b8173e1de23d372a|b1030aea30f043c3b1e429d1c56d39fb|ba4a1f2d55584ae8941ea89c13576890|4dd03d16715a49d98fce909b629115fe
3852e11fe7e641f09647581463f0366d,329,1.0,1,369437,129.72136184857425,2,True,0.7672253,0.37743142,d184e59659bc4d11a5328394cfa5d64c,d184e59659bc4d11a5328394cfa5d64c|408ba04855544593b8173e1de23d372a|b1030aea30f043c3b1e429d1c56d39fb|19b59a6a8149445da022f27bdb4bafb0|ba4a1f2d55584ae8941ea89c13576890
53df0af88e76456e925ffdd274d8c6d8,329,1.0,1,290324,126.73049132947978,2,True,0.38009045,0.24684544,d184e59659bc4d11a5328394cfa5d64c,d184e59659bc4d11a5328394cfa5d64c|f68901df3a2446aab4ad1535d9857794|db3d3aba1d764c598a19211855ba65eb|43259b8a4dfd42b18a104364bb4b73ea|98a5e1a221e648b6831e9d6c74271ed8
b02e5a0ffe4545d0a3f6e252c1e249de,329,1.0,1,186180,118.92339754188713,2,True,0.8223865,0.4254029,f68901df3a2446aab4ad1535d9857794,f68901df3a2446aab4ad1535d9857794|408ba04855544593b8173e1de23d372a|b1030aea30f043c3b1e429d1c56d39fb|ba4a1f2d55584ae8941ea89c13576890|19b59a6a8149445da022f27bdb4bafb0
4cd17c87e0024aa680b0be35e8bbe8c3,1333,1.0,1,656084,117.68837719298246,1,True,0.87837774,0.4568548,c842dfe7724e4bb8b99f68a7906bcf91,c842dfe7724e4bb8b99f68a7906bcf91|152dcd53af3b4288b177e95d1070844d|2e150e699d0b4ab5976bd9a76fdac68f|1aa9d0185c7e47c88f8b55c69888488a|dfefb591df2b48b98813a73f4f6ed738
93bbf530630745c7bf0584d2a0de8115,1333,1.0,1,653630,114.81578621031746,1,True,0.8781657,0.45101857,c842dfe7724e4bb8b99f68a7906bcf91,c842dfe7724e4bb8b99f68a7906bcf91|152dcd53af3b4288b177e95d1070844d|2e150e699d0b4ab5976bd9a76fdac68f|1aa9d0185c7e47c88f8b55c69888488a|dfefb591df2b48b98813a73f4f6ed738
7474b93a4ecc4d6ca11bfcc337a31a2e,1333,1.0,1,646611,124.41119402985075,1,True,0.8636602,0.46774834,5435b42467f54fe0a00df76c745d2dc6,5435b42467f54fe0a00df76c745d2dc6|152dcd53af3b4288b177e95d1070844d|2e150e699d0b4ab5976bd9a76fdac68f|1aa9d0185c7e47c88f8b55c69888488a|dfefb591df2b48b98813a73f4f6ed738
c66ecf23e726427985f02e75435553d3,1333,1.0,1,682370,129.289111328125,1,True,0.85344476,0.46231365,5435b42467f54fe0a00df76c745d2dc6,5435b42467f54fe0a00df76c745d2dc6|152dcd53af3b4288b177e95d1070844d|2e150e699d0b4ab5976bd9a76fdac68f|1aa9d0185c7e47c88f8b55c69888488a|dfefb591df2b48b98813a73f4f6ed738
ee47e75fe5d4456aaf8030133b638524,143,1.0,1,349440,91.39949769433466,1,True,0.6148186,0.5337439,a954ca18ce4c4be19126a73a536c9d02,a954ca18ce4c4be19126a73a536c9d02|496d8bd8415d43c3a217b265706e8329|7a72dce4598e4f33b3987b61764f7fcb|fbb5ad5f6f204ef5a15c7a0584d32c67|a1d81a64d7f0418b88bdeb0760daae0c
6117b0ff90cc41e2adfc6a080b76ce1f,143,1.0,1,247800,92.2892342032967,1,True,0.592586,0.49045017,a954ca18ce4c4be19126a73a536c9d02,a954ca18ce4c4be19126a73a536c9d02|496d8bd8415d43c3a217b265706e8329|7a72dce4598e4f33b3987b61764f7fcb|fbb5ad5f6f204ef5a15c7a0584d32c67|a1d81a64d7f0418b88bdeb0760daae0c
8d38f3336dfd4503bf169d9949f5ae5e,143,1.0,1,351549,42.29384265498652,1,True,0.5524639,0.3718419,a733d1bc5af4431aa526328616010c83,a733d1bc5af4431aa526328616010c83|496d8bd8415d43c3a217b265706e8329|7a72dce4598e4f33b3987b61764f7fcb|fbb5ad5f6f204ef5a15c7a0584d32c67|a1d81a64d7f0418b88bdeb0760daae0c
5eff37939f434852a0e9ca2363f7562c,143,1.0,1,350364,46.3980795148248,1,True,0.52310103,0.40827596,a733d1bc5af4431aa526328616010c83,a733d1bc5af4431aa526328616010c83|496d8bd8415d43c3a217b265706e8329|7a72dce4598e4f33b3987b61764f7fcb|fbb5ad5f6f204ef5a15c7a0584d32c67|0d2920a7c7c84e338d579de4b0c907b7
facf080be9e14ba0aac5c5015807435d,932,1.0,1,384540,122.3033920940171,1,True,0.54874694,0.31048614,bf6461076aea41bdaa1306e14ed7a8dd,bf6461076aea41bdaa1306e14ed7a8dd|217dc224802e4ddcb45cd42e065f23a6|de71dc0548c84058a6a1ba4b3138a31b|2c532fd800dc4fcf96651c0ce0cc07ed|0b18f806cde7476eb5930175aaa23579
21433257e7c740e49b611e5eb3a37a1e,932,0.0,99,136965,111.39328374500998,1,True,-0.048188485,0.5132589,5c6e6a339bb04c5ea939a670a60fd6d7,2c532fd800dc4fcf96651c0ce0cc07ed|0b18f806cde7476eb5930175aaa23579|de71dc0548c84058a6a1ba4b3138a31b|217dc224802e4ddcb45cd42e065f23a6|344a17a7c02948fb9a1e7f75553f324d
a166a8b9c29a4a02a08ca2a42be4e86a,932,0.0,99,138106,95.30233208955224,1,True,-0.079753295,0.45957023,5c6e6a339bb04c5ea939a670a60fd6d7,2c532fd800dc4fcf96651c0ce0cc07ed|de71dc0548c84058a6a1ba4b3138a31b|217dc224802e4ddcb45cd42e065f23a6|0b18f806cde7476eb5930175aaa23579|940eab38fad9432386673cdf8ed6c177
0194e95b4d7e48fd83e9f7c92872c599,649,1.0,1,312576,80.72302212465564,1,True,0.5915948,0.45907006,78aaf09f86734dbca23a1f7ff73d6dc2,78aaf09f86734dbca23a1f7ff73d6dc2|50c1e256a5e441cd9165d61398e4cd01|ccfca0c44ba54925b5c3c74368ac1fea|cd517b4a4fc34c8e8f89821e79247243|b1ea10c9e6b04cca88b7775b87f0b6e0
3ef89b4e86f545d1a2d98499728a0cdf,649,1.0,1,518897,86.7784426713948,1,True,0.57265186,0.5930702,c1dd48950f94437ca5785b02bcb7ab75,c1dd48950f94437ca5785b02bcb7ab75|ccfca0c44ba54925b5c3c74368ac1fea|50c1e256a5e441cd9165d61398e4cd01|ecec80efbd9e42b9bb4c319d942a0dfe|d8be0ac50753457486fe1432870f1acf
54624825e688440aaa4af6031053ead0,649,1.0,1,311244,79.13668124142661,1,True,0.6059202,0.4416855,78aaf09f86734dbca23a1f7ff73d6dc2,78aaf09f86734dbca23a1f7ff73d6dc2|50c1e256a5e441cd9165d61398e4cd01|ccfca0c44ba54925b5c3c74368ac1fea|d8be0ac50753457486fe1432870f1acf|b1ea10c9e6b04cca88b7775b87f0b6e0
850594ceff3d4dd092410f3eca380534,649,1.0,1,520180,82.52427193368544,1,True,0.55401415,0.55752385,c1dd48950f94437ca5785b02bcb7ab75,c1dd48950f94437ca5785b02bcb7ab75|ccfca0c44ba54925b5c3c74368ac1fea|50c1e256a5e441cd9165d61398e4cd01|ecec80efbd9e42b9bb4c319d942a0dfe|a8dc0d476c8842ccae36ff05bbc94ffa
b45d5c93b8d2493db04313ae9a3323f4,686,1.0,1,348840,42.87821520018622,1,True,0.5721184,0.49395752,459906b71d834d72b8dfa4ad57640e7b,459906b71d834d72b8dfa4ad57640e7b|83d587a99a884aec8f6f926fc8526e4b|cd633c5328fa44c98c4a6ba344c47984|cf305ddb72064ba59b458bdce8a2c6e0|c60b19798e944b28ab4414dffc18192e
27180b4eb7d94620beb257872bf2c229,686,0.25,4,310104,115.29109110809179,1,True,0.40054604,0.60542387,85add9c0a594440aa5fe0f2d361efbc9,cf305ddb72064ba59b458bdce8a2c6e0|cd633c5328fa44c98c4a6ba344c47984|83d587a99a884aec8f6f926fc8526e4b|85add9c0a594440aa5fe0f2d361efbc9|c60b19798e944b28ab4414dffc18192e
06dbbee826fe47549db65b60afdb38b0,686,0.3333333333333333,3,446250,62.97918864275668,1,True,0.41967356,0.46952304,459906b71d834d72b8dfa4ad57640e7b,cd633c5328fa44c98c4a6ba344c47984|83d587a99a884aec8f6f926fc8526e4b|459906b71d834d72b8dfa4ad57640e7b|cf305ddb72064ba59b458bdce8a2c6e0|2a353c6ae43b4b99a46da2451024beff
287695fb615e40edb6997fa35b5afa32,686,0.25,4,296877,101.13058296783626,1,True,0.3926442,0.5883248,85add9c0a594440aa5fe0f2d361efbc9,cf305ddb72064ba59b458bdce8a2c6e0|cd633c5328fa44c98c4a6ba344c47984|83d587a99a884aec8f6f926fc8526e4b|85add9c0a594440aa5fe0f2d361efbc9|c60b19798e944b28ab4414dffc18192e
3a5ebb608f9845c5a6412dc14c5787bc,971,1.0,1,336312,135.67237654320988,1,True,0.47982538,0.4768931,5148e6655e0748e5aa41847022cbe4ff,5148e6655e0748e5aa41847022cbe4ff|6c64bb7bfb4541589ecaf4b0d29db58f|a8dc0d476c8842ccae36ff05bbc94ffa|8440c9bf03694628a137b3d9db62ea8d|9f43cceedd4e4692aadefc29553e5a34
eaf30b9393a74874a28541985c219889,971,1.0,1,335543,140.0251095479705,1,True,0.48674875,0.4649052,5148e6655e0748e5aa41847022cbe4ff,5148e6655e0748e5aa41847022cbe4ff|6c64bb7bfb4541589ecaf4b0d29db58f|9f43cceedd4e4692aadefc29553e5a34|a8dc0d476c8842ccae36ff05bbc94ffa|8440c9bf03694628a137b3d9db62ea8d
3157f3c357aa48edb539cd421feb37f0,971,0.5,2,233624,129.73289194915253,1,True,0.48756662,0.4391105,d91edbec54c74ff48e441b3883943d80,6c64bb7bfb4541589ecaf4b0d29db58f|d91edbec54c74ff48e441b3883943d80|9f43cceedd4e4692aadefc29553e5a34|8009223cb26e484ba2bd0acb1c0b3134|affbaf5b24db4fc484ce50c6dcfce382
61afa52b57eb40aea2bb67bd87939be5,971,0.5,2,234600,131.53335268862614,1,True,0.52332747,0.43005416,d91edbec54c74ff48e441b3883943d80,6c64bb7bfb4541589ecaf4b0d29db58f|d91edbec54c74ff48e441b3883943d80|9f43cceedd4e4692aadefc29553e5a34|affbaf5b24db4fc484ce50c6dcfce382|8009223cb26e484ba2bd0acb1c0b3134
b5adc03a32a64586aa1721d3eacaa4cf,408,1.0,1,235480,141.17003562577446,1,True,0.44776344,0.2687091,b719a96f88634718a1b31898395cb856,b719a96f88634718a1b31898395cb856|1624cb91f1934980873eab694467068e|dc79a91c8e234d62b44ffefca966ee74|7abb2ca8bc48441e8aedf1e6965ddb18|534dabd7846e41f08ba755c5ed3fa1b5
77bf99479a2d4578af8eef9882e90676,408,1.0,1,183848,107.96175687954309,1,True,0.4103505,0.23388079,0b25dd7aa6f04fcc9fa613704b5cb128,0b25dd7aa6f04fcc9fa613704b5cb128|b0841ef77fe146198a4f9aa6cb160e24|675374e75be84d1aa73c3930966454fb|1624cb91f1934980873eab694467068e|25f0002a7c044a348085dd82be8261e4
6708e4d73af94d4facfe76139e426ca6,408,1.0,1,235886,136.5135066853234,1,True,0.4402361,0.2892292,b719a96f88634718a1b31898395cb856,b719a96f88634718a1b31898395cb856|1624cb91f1934980873eab694467068e|762a981e62a4491e9ed2f7d5c520844f|dc79a91c8e234d62b44ffefca966ee74|7abb2ca8bc48441e8aedf1e6965ddb18
9385ede3c22144edbdf01c676d553ad9,408,1.0,1,184317,108.809200310559,1,True,0.40283662,0.21765125,0b25dd7aa6f04fcc9fa613704b5cb128,0b25dd7aa6f04fcc9fa613704b5cb128|b0841ef77fe146198a4f9aa6cb160e24|675374e75be84d1aa73c3930966454fb|534dabd7846e41f08ba755c5ed3fa1b5|1624cb91f1934980873eab694467068e
ad179a8610cc443aa548bdd5c5959728,1148,1.0,1,657352,73.2406994047619,1,True,0.6242501,0.35217282,46437c2118c0411e9ec04bd4d9e21a2a,46437c2118c0411e9ec04bd4d9e21a2a|aa442d593f20489f9e53b680ae7b2e89|9a45b92df7b841e8b9b5deef2f6eb2e3|1ed0a794a95749dab052d5ac4b432a6f|b5573b58b63a473f91b24e6a0f7e10eb
f2b0f555f6a54e28825dfd3b7a07ddee,1148,1.0,1,373680,127.15276041666667,1,True,0.6276789,0.43190107,426564a9e2234872bd008daae895d248,426564a9e2234872bd008daae895d248|aa442d593f20489f9e53b680ae7b2e89|9a45b92df7b841e8b9b5deef2f6eb2e3|b5573b58b63a473f91b24e6a0f7e10eb|3d1b6eb30050477f9371d6531dd97d04
ccff642cedb34c8bbe9fd175928393c0,1148,1.0,1,659664,61.70249530396175,1,True,0.61717856,0.37715498,46437c2118c0411e9ec04bd4d9e21a2a,46437c2118c0411e9ec04bd4d9e21a2a|9a45b92df7b841e8b9b5deef2f6eb2e3|aa442d593f20489f9e53b680ae7b2e89|1ed0a794a95749dab052d5ac4b432a6f|3d1b6eb30050477f9371d6531dd97d04
9e39609f874f43a8861321c38040c5d4,1148,1.0,1,324300,131.78198552798983,1,True,0.6055615,0.38997602,426564a9e2234872bd008daae895d248,426564a9e2234872bd008daae895d248|aa442d593f20489f9e53b680ae7b2e89|9a45b92df7b841e8b9b5deef2f6eb2e3|b5573b58b63a473f91b24e6a0f7e10eb|3d1b6eb30050477f9371d6531dd97d04
70d0ecdf6acb4dc0a6b557311a8d5d1a,185,1.0,1,229377,118.63856132075472,1,True,0.29079843,0.2177195,2e53d49a71e14818819f9ef0cca1e33a,2e53d49a71e14818819f9ef0cca1e33a|dc79a91c8e234d62b44ffefca966ee74|6800fb4be297494b82424c0e818e8afc|a64bf8daeade464296fa118086847bc3|aac8c5dbda5e4125b2a9453a56b20638
d191f65ff7de4981aa3f1c3fab45ddd5,185,1.0,1,277440,96.96676856884058,1,True,0.36610246,0.34440482,84ab00d9d98f403ba39dc121d604600a,84ab00d9d98f403ba39dc121d604600a|dc79a91c8e234d62b44ffefca966ee74|cf148b0b408842dda594e6ee5a46a9fd|1624cb91f1934980873eab694467068e|aac8c5dbda5e4125b2a9453a56b20638
47fd4a37800c4503a5e84bac7d0c186f,185,1.0,1,274846,96.91180249632893,1,True,0.36124372,0.32194835,84ab00d9d98f403ba39dc121d604600a,84ab00d9d98f403ba39dc121d604600a|dc79a91c8e234d62b44ffefca966ee74|1624cb91f1934980873eab694467068e|aac8c5dbda5e4125b2a9453a56b20638|a64bf8daeade464296fa118086847bc3
e176042854064144932d59277d344c88,1154,1.0,1,404150,143.11837550352467,1,True,0.5356252,0.33587825,3ae1a1e1c37345aba6eddf39c2ae30f7,3ae1a1e1c37345aba6eddf39c2ae30f7|db2940d153664264b342b6427b8a80fd|da8fc458f7254fa592d06187eaad50db|05cd40d3848e46d4b5f520fc743be8dd|fb38d022ce06472f9500dc6b7a26889f
91ee1d980d4442cbb48b68279051165c,1154,1.0,1,470230,149.3605945569249,1,True,0.5703783,0.2979182,3ae1a1e1c37345aba6eddf39c2ae30f7,3ae1a1e1c37345aba6eddf39c2ae30f7|db2940d153664264b342b6427b8a80fd|da8fc458f7254fa592d06187eaad50db|05cd40d3848e46d4b5f520fc743be8dd|fb38d022ce06472f9500dc6b7a26889f
458ba7ca707443baa41e19c5e72bb721,1127,0.1111111111111111,9,311634,69.21954055059524,1,True,0.28053904,0.35819978,163b2f69d37245eab032365a1594f2e8,b7f109546f3e447fb87515f35d202127|30691cdbebbc45f889447dea9a2fc611|f017157541f04dd28c1b677372a97c00|cf5ecb3437024bad8dbe8b3fd0a6d875|2772b3eefacb4003b878aad04ef991f8
5381ab03ba064b76b91fab219d0c6802,1127,0.0,99,440924,32.45578022875817,1,True,0.2583455,0.46250287,efdb8128e1ec4ed4b35c448438503c44,1284d8c4d64d4cf6b792b562c6ecaef4|bf7cb62c8fee4bfe99d5953065140300|1878b774e33140b49cc521336eb70eeb|cfef4b92d5ae472b8826da15cbce687b|16faeeae4ac146b38c69be4bb797716f
ade33762c7e244ada7ebb924fec463f0,1127,0.14285714285714285,7,310440,69.15006705339322,1,True,0.30155036,0.41086206,163b2f69d37245eab032365a1594f2e8,30691cdbebbc45f889447dea9a2fc611|f017157541f04dd28c1b677372a97c00|b7f109546f3e447fb87515f35d202127|cf5ecb3437024bad8dbe8b3fd0a6d875|bf7cb62c8fee4bfe99d5953065140300
7738befa8d984804b8d8ccce54e5c5ef,1127,0.0,99,442260,33.67811229674797,1,True,0.24877593,0.44973773,efdb8128e1ec4ed4b35c448438503c44,1284d8c4d64d4cf6b792b562c6ecaef4|bf7cb62c8fee4bfe99d5953065140300|1878b774e33140b49cc521336eb70eeb|16faeeae4ac146b38c69be4bb797716f|cfef4b92d5ae472b8826da15cbce687b
98819313e30141ccb9f249dbae16f6fb,1048,1.0,1,709425,128.25261470985154,2,True,0.5456377,0.40397388,21747e618d8348d59e9cc70415ef4685,21747e618d8348d59e9cc70415ef4685|b5d548becbb3460ab5f92657f4412f75|4fa36e27057c47d1a67ef08b1eddf0ad|55b72c44a0c1402b874bf14a8b2d5676|3eb16aaa29f043c08ae5b54dee7d9725
b7799eac5745416c9a54f78bf8565829,1048,1.0,1,550080,90.34008114640883,2,True,0.6910434,0.48894817,b5d548becbb3460ab5f92657f4412f75,b5d548becbb3460ab5f92657f4412f75|a39686ca19aa487d8c14d1fcfffbc84b|4fa36e27057c47d1a67ef08b1eddf0ad|55b72c44a0c1402b874bf14a8b2d5676|3eb16aaa29f043c08ae5b54dee7d9725
6c325bd14ddd46e9aec03acf0755eaa9,1048,1.0,1,707996,120.40814490176152,2,True,0.57578087,0.41712844,21747e618d8348d59e9cc70415ef4685,21747e618d8348d59e9cc70415ef4685|b5d548becbb3460ab5f92657f4412f75|4fa36e27057c47d1a67ef08b1eddf0ad|55b72c44a0c1402b874bf14a8b2d5676|3eb16aaa29f043c08ae5b54dee7d9725
481c598180e44e18ad772348e04c8597,1048,1.0,1,505749,59.3779296875,2,True,0.7484936,0.5074614,21747e618d8348d59e9cc70415ef4685,21747e618d8348d59e9cc70415ef4685|a39686ca19aa487d8c14d1fcfffbc84b|55b72c44a0c1402b874bf14a8b2d5676|4fa36e27057c47d1a67ef08b1eddf0ad|3eb16aaa29f043c08ae5b54dee7d9725
6856c756fb884e76bd223902d0e7eeec,721,0.5,2,501416,85.74244557057057,1,True,0.44426352,0.5149305,da8fc458f7254fa592d06187eaad50db,db2940d153664264b342b6427b8a80fd|da8fc458f7254fa592d06187eaad50db|fb38d022ce06472f9500dc6b7a26889f|3710c4ae599b4b908245fb626f0af3b3|3ae1a1e1c37345aba6eddf39c2ae30f7
cf19f6e7d0464d219d4f41aaa266b954,721,0.5,2,605620,81.01760057471265,1,True,0.48368984,0.5867047,24bde1a81d2a485c928b381c11b8e704,db2940d153664264b342b6427b8a80fd|24bde1a81d2a485c928b381c11b8e704|fb38d022ce06472f9500dc6b7a26889f|3710c4ae599b4b908245fb626f0af3b3|3ae1a1e1c37345aba6eddf39c2ae30f7
922770e2193e4fd9bdcc5a08d62ef832,721,1.0,1,209788,90.23280141843972,1,True,0.46779004,0.48714578,24bde1a81d2a485c928b381c11b8e704,24bde1a81d2a485c928b381c11b8e704|db2940d153664264b342b6427b8a80fd|fb38d022ce06472f9500dc6b7a26889f|b1f8016a14154795b748690ab650f8fd|3ae1a1e1c37345aba6eddf39c2ae30f7
6add03aa0370406687b41a38b4bbbb0e,721,1.0,1,540678,82.75248530428769,1,True,0.4454139,0.4501386,da8fc458f7254fa592d06187eaad50db,da8fc458f7254fa592d06187eaad50db|db2940d153664264b342b6427b8a80fd|fb38d022ce06472f9500dc6b7a26889f|3710c4ae599b4b908245fb626f0af3b3|3ae1a1e1c37345aba6eddf39c2ae30f7
79f8e8c16543443185f3cb4e10db84e5,1011,0.5833333333333333,2,392175,110.46428131163708,2,True,0.34097755,0.26639456,762a981e62a4491e9ed2f7d5c520844f,2eeb795215de4de495cda6dabd500d75|cde864ac131648378c5e23dc2658ffe4|762a981e62a4491e9ed2f7d5c520844f|620f0d06a77645a9bd3fa2a702ce8311|3ed52f12f44a43bba8f61bf750b213c4
a15b5f02bd7946578adb79b8470bae19,1011,0.41666666666666663,3,274096,50.91980902777778,2,True,0.34525898,0.28930333,bec6e99d1ca5489e9ee86f6271816f16,2eeb795215de4de495cda6dabd500d75|620f0d06a77645a9bd3fa2a702ce8311|bec6e99d1ca5489e9ee86f6271816f16|762a981e62a4491e9ed2f7d5c520844f|efd32a0784184992b8d9b7549872158f
53f0fcab39cd4bdc99e9113e899a1d25,1011,0.5833333333333333,2,389872,108.27211991567461,2,True,0.34629977,0.26082012,762a981e62a4491e9ed2f7d5c520844f,2eeb795215de4de495cda6dabd500d75|cde864ac131648378c5e23dc2658ffe4|762a981e62a4491e9ed2f7d5c520844f|620f0d06a77645a9bd3fa2a702ce8311|3ed52f12f44a43bba8f61bf750b213c4
c81584a2cd5c4af585031177e3b20cbe,1011,0.3666666666666667,3,367778,68.31020341207349,2,True,0.28970286,0.26845908,762a981e62a4491e9ed2f7d5c520844f,620f0d06a77645a9bd3fa2a702ce8311|78d557e45b2c4e008860c400b162d0d1|bec6e99d1ca5489e9ee86f6271816f16|2eeb795215de4de495cda6dabd500d75|762a981e62a4491e9ed2f7d5c520844f
0bb2bcba409048c2947e9705a0d2d22c,1011,1.0,1,238200,101.26065247703411,2,True,0.495114,0.3729093,bec6e99d1ca5489e9ee86f6271816f16,bec6e99d1ca5489e9ee86f6271816f16|cde864ac131648378c5e23dc2658ffe4|2eeb795215de4de495cda6dabd500d75|90661f059276455283c7a8c0902d3733|59c08ef8462b476dbf87f2dcbd3faa4e
5b309fc957764537b1e11ee0adbfefaa,602,0.5,1,276185,150.78021918402777,3,True,0.642995,0.4857943,940eab38fad9432386673cdf8ed6c177,940eab38fad9432386673cdf8ed6c177|56a2c05bfd084a8eb1fe99a58ff6ddc6|c149bb9deea64c22b03954cf4ec4cd73|f9047667e499434e846de72a21d55735|804fe0590cc34e68a0ea44f33c1f976e
3c2adf85a458486da93115d4e0162928,602,0.7777777777777778,1,227370,138.09882435691318,3,True,0.6110525,0.49103466,98ebf6c3c5ce45ec8e074c2e039c9a77,98ebf6c3c5ce45ec8e074c2e039c9a77|f9047667e499434e846de72a21d55735|c149bb9deea64c22b03954cf4ec4cd73|56a2c05bfd084a8eb1fe99a58ff6ddc6|e2de7959eafc498db27f522b9cac75ae
807b232e925940d9a7cd09281f5e6ee4,602,0.8095238095238094,1,226840,136.67695732526883,3,True,0.5862498,0.47029263,98ebf6c3c5ce45ec8e074c2e039c9a77,98ebf6c3c5ce45ec8e074c2e039c9a77|f9047667e499434e846de72a21d55735|c149bb9deea64c22b03954cf4ec4cd73|56a2c05bfd084a8eb1fe99a58ff6ddc6|e2de7959eafc498db27f522b9cac75ae
ed564debb63b426388f470d32aebc7b8,602,0.9166666666666666,1,359280,56.786654135338345,3,True,0.42273188,0.3203205,940eab38fad9432386673cdf8ed6c177,940eab38fad9432386673cdf8ed6c177|98ebf6c3c5ce45ec8e074c2e039c9a77|c149bb9deea64c22b03954cf4ec4cd73|b1624a6e9dca47c5b1cf52678271be32|56a2c05bfd084a8eb1fe99a58ff6ddc6
c771fb06a44745d8ad4426419f501002,84,1.0,1,207638,116.09391332752614,1,True,0.4632795,0.32230178,eb3b0570c3514eafb78e3fc09a613fd2,eb3b0570c3514eafb78e3fc09a613fd2|c624d1e2d34b4635bc9b0f5730bae694|5e553240676d4d238c48ded9ba3ff19c|675374e75be84d1aa73c3930966454fb|e90a5fce539e49ef8c39d2bb561f860f
b643128228f9408a8d3af00d000b2ce2,84,1.0,1,313140,101.56991248693835,1,True,0.44461402,0.15525243,3477c46cbe1d4c89ade3c68866261978,3477c46cbe1d4c89ade3c68866261978|675374e75be84d1aa73c3930966454fb|794579688cf6454b8fadd468f309f6df|b0841ef77fe146198a4f9aa6cb160e24|8f3c44c2b4924afb8ed85241f068ab27
047596de47e94a8092ca238a1dd70331,84,1.0,1,197152,113.22452338836477,1,True,0.42820722,0.30818406,eb3b0570c3514eafb78e3fc09a613fd2,eb3b0570c3514eafb78e3fc09a613fd2|c624d1e2d34b4635bc9b0f5730bae694|5e553240676d4d238c48ded9ba3ff19c|6fc4448428ff4f9fb4a057ef93e0042b|38b485f9529e42acb5e6e5f8dd5e86a3
36387fd3678f4ad9bb08e49cace3d0cf,84,1.0,1,303364,104.05988789380082,1,True,0.47926345,0.21378465,3477c46cbe1d4c89ade3c68866261978,3477c46cbe1d4c89ade3c68866261978|675374e75be84d1aa73c3930966454fb|6faae60abd4c4d27841d6dc16af81aaf|794579688cf6454b8fadd468f309f6df|c624d1e2d34b4635bc9b0f5730bae694
96193706d2674e38a500fcac5a328fef,282,1.0,1,151060,177.3450868570722,1,True,0.41404253,0.32717448,5e65c6dacf3d406db869a2c735160040,5e65c6dacf3d406db869a2c735160040|17235c85ac6e46dfaee5cadec0b0567e|4ef2848605e8460fac202a3ff3a7eac0|a154b7e542cc4f12b353e79cde3419e8|ef17e893a9fd47a1b43ca7dd03b92490
29d9f3c544e349b6a64b567c16f52c0c,282,1.0,1,208494,157.72057406387665,1,True,0.5747423,0.18697801,f776ff5b53514c0f8a697f00a37d71e0,f776ff5b53514c0f8a697f00a37d71e0|26cc7dfc562340759677cce84f341278|17235c85ac6e46dfaee5cadec0b0567e|4ef2848605e8460fac202a3ff3a7eac0|c1df5dce1fa946b68188af887a2244e0
35db65d4644844349de09dede9cc1dfa,282,1.0,1,126655,154.09258221151947,1,True,0.42768872,0.18010314,f776ff5b53514c0f8a697f00a37d71e0,f776ff5b53514c0f8a697f00a37d71e0|26cc7dfc562340759677cce84f341278|c1df5dce1fa946b68188af887a2244e0|17235c85ac6e46dfaee5cadec0b0567e|ae00de811b514c0abc0bc74db2c1721b
2d31edb0089b48b28061ec0f05325db6,282,1.0,1,298068,169.119414747807,1,True,0.69267535,0.35373035,5e65c6dacf3d406db869a2c735160040,5e65c6dacf3d406db869a2c735160040|17235c85ac6e46dfaee5cadec0b0567e|26cc7dfc562340759677cce84f341278|2941a07c1b7342dab73b86daf7ad871e|4ef2848605e8460fac202a3ff3a7eac0
534e4eca3c65469fa2fb7e0215c4c387,1411,0.2,5,488346,69.16332775297619,1,True,0.28561142,0.49385652,500b7333dfd6475b9e2da65756392e88,8fdfac30ce5a466592f14b41b7cde82a|1bdb8e13cf634b7cad7852105c86d69d|8ae31f73c20749c4b70bf7d140eee3b0|6753429fea5f4148ab49a4204fedfd03|500b7333dfd6475b9e2da65756392e88
30eb7a92125444739bf9ffc764067e00,1411,0.2,5,497028,68.35430582061069,1,True,0.28524792,0.48762965,500b7333dfd6475b9e2da65756392e88,8fdfac30ce5a466592f14b41b7cde82a|1bdb8e13cf634b7cad7852105c86d69d|8ae31f73c20749c4b70bf7d140eee3b0|6753429fea5f4148ab49a4204fedfd03|500b7333dfd6475b9e2da65756392e88
af862fae5790485b857ccfd4153d8abe,1411,0.2,5,70000,103.98295714285715,1,True,0.28510186,0.3385105,792c70ca36494e9f98826dc607cfc874,e51a66bd694044d48c82113fbaa71626|8ae31f73c20749c4b70bf7d140eee3b0|1bdb8e13cf634b7cad7852105c86d69d|6753429fea5f4148ab49a4204fedfd03|792c70ca36494e9f98826dc607cfc874
693b346a1f4e4d81bef3e7e20e9a31ed,1338,0.5,1,148962,37.379959239130436,2,True,0.62397414,0.5323844,856a3fa4b1de48aca952bf70db8b03fb,856a3fa4b1de48aca952bf70db8b03fb|113b5d350d5e4d40b099be5884f5ffdf|467e768e888047cfb4bbb030d2aa81d4|920cac75d9a341b194d616ddc262443f|489cd2409ab241d3a241a5638ddee214
0e4aef7b3cdb4f25bf9a5867100e4165,1338,0.5,1,145360,55.369798940875235,2,True,0.6310985,0.54783916,856a3fa4b1de48aca952bf70db8b03fb,856a3fa4b1de48aca952bf70db8b03fb|113b5d350d5e4d40b099be5884f5ffdf|467e768e888047cfb4bbb030d2aa81d4|920cac75d9a341b194d616ddc262443f|43eebd3566f54b2083a6cc64d6177202
444eaca2319f4e7a992d0907359f4e4a,1338,0.3611111111111111,2,382160,95.86635778128286,2,True,0.5982556,0.6610297,ac6eb8be0d84449a8d926b147a9fe276,113b5d350d5e4d40b099be5884f5ffdf|ac6eb8be0d84449a8d926b147a9fe276|489cd2409ab241d3a241a5638ddee214|920cac75d9a341b194d616ddc262443f|467e768e888047cfb4bbb030d2aa81d4
96b686f79c8e47e091e513092dbeec24,1338,0.30952380952380953,3,384084,110.99750229297693,2,True,0.51866674,0.75241244,ac6eb8be0d84449a8d926b147a9fe276,113b5d350d5e4d40b099be5884f5ffdf|489cd2409ab241d3a241a5638ddee214|ac6eb8be0d84449a8d926b147a9fe276|43eebd3566f54b2083a6cc64d6177202|920cac75d9a341b194d616ddc262443f
545a447adc7b4876ba54c28ac6161dc5,1338,0.08333333333333333,6,272480,133.04399743000874,2,True,0.3758726,0.6076102,856a3fa4b1de48aca952bf70db8b03fb,f103a492918d427eab3b9f5ad0caa323|2c33cc0e7f7c4e9ab6f41113da171e95|52f00a62345f4958949b739382687f91|489cd2409ab241d3a241a5638ddee214|920cac75d9a341b194d616ddc262443f
bb198c994aa84f778a199a163829b49c,1001,1.0,1,459832,91.18086557539682,2,True,0.5958745,0.35012567,147d2ee08f624b6bb7747d9adf730896,ad3301e7827d48fbbcd28da281cf72ac|147d2ee08f624b6bb7747d9adf730896|f4a69bf7688044f39b00d77186e71a1a|06b6fd899f4140a692e8c941ccdfd346|a483211857ce4ce8928ee6dc66cff7db
bed51c397a654e0d84b8037bd95ee2b9,1001,1.0,1,518000,105.85855368589743,2,True,0.63140213,0.3377945,a379da7bb2bd4aff83fe15848bd7437c,a379da7bb2bd4aff83fe15848bd7437c|ad3301e7827d48fbbcd28da281cf72ac|325776ccc6ed4210b91b188438f94f0d|f4a69bf7688044f39b00d77186e71a1a|07719776b426409e890f23de4b882c4f
f6d7eb38aa274e4c96a6f68391572cd6,1001,1.0,1,347978,138.76064854452054,2,True,0.50266445,0.16674073,a379da7bb2bd4aff83fe15848bd7437c,a379da7bb2bd4aff83fe15848bd7437c|147d2ee08f624b6bb7747d9adf730896|b51dfdbb9fc247bb81f9b706e90c608a|da7552bcc2c24a73bcf7c0af907cc8c9|9f43cceedd4e4692aadefc29553e5a34
79a2c15e202147e2a78dc5ffb238292b,1001,1.0,1,352604,135.7468623408565,2,True,0.52884185,0.16340703,a379da7bb2bd4aff83fe15848bd7437c,a379da7bb2bd4aff83fe15848bd7437c|147d2ee08f624b6bb7747d9adf730896|da7552bcc2c24a73bcf7c0af907cc8c9|f4a69bf7688044f39b00d77186e71a1a|325776ccc6ed4210b91b188438f94f0d
fd098e78ff5e400aba80c3db3bc6b776,1001,1.0,1,464312,96.18692537167449,2,True,0.60650355,0.3256653,147d2ee08f624b6bb7747d9adf730896,ad3301e7827d48fbbcd28da281cf72ac|147d2ee08f624b6bb7747d9adf730896|f4a69bf7688044f39b00d77186e71a1a|06b6fd899f4140a692e8c941ccdfd346|a483211857ce4ce8928ee6dc66cff7db
de82cf9bb1d94167b4e316a475c6ce0b,1335,0.5,2,342720,80.44916058132875,1,True,0.45389515,0.43936592,958a36f0799e4299a057fedbca77707f,49de32896dec48b6a33b11e163558a15|958a36f0799e4299a057fedbca77707f|0e370706fdb14ba5affd18415b97ec19|78132423a1864875ad88d9b606b87efe|a29a08072c964c3f9ba40f8b5c358549
633923bb46fd4fea963f8d91c3ea1409,1335,1.0,1,335328,80.65053910818713,1,True,0.46848744,0.41461888,958a36f0799e4299a057fedbca77707f,958a36f0799e4299a057fedbca77707f|49de32896dec48b6a33b11e163558a15|0e370706fdb14ba5affd18415b97ec19|78132423a1864875ad88d9b606b87efe|a29a08072c964c3f9ba40f8b5c358549
6c8687b0efca4b01a63ac04fde53e9d3,1335,1.0,1,233508,66.41742567001675,1,True,0.39745578,0.41731983,87ec7a51dfc14196ae24d67458ed2d1e,87ec7a51dfc14196ae24d67458ed2d1e|49de32896dec48b6a33b11e163558a15|78132423a1864875ad88d9b606b87efe|0e370706fdb14ba5affd18415b97ec19|5e553240676d4d238c48ded9ba3ff19c
24c19d68c1244f91bd39e22f0c863b8c,1335,1.0,1,190836,62.63991578014184,1,True,0.4019924,0.3802904,87ec7a51dfc14196ae24d67458ed2d1e,87ec7a51dfc14196ae24d67458ed2d1e|49de32896dec48b6a33b11e163558a15|78132423a1864875ad88d9b606b87efe|0e370706fdb14ba5affd18415b97ec19|b2db22092d634fe58a3f656a511fe30a
7220a5c8821a44b0874284e6c64f7c89,1420,1.0,1,286371,139.9804470486111,1,True,0.4890908,0.33798498,4ef2848605e8460fac202a3ff3a7eac0,4ef2848605e8460fac202a3ff3a7eac0|ef17e893a9fd47a1b43ca7dd03b92490|317b319c62354cc88407d820846070ac|a82e966b73ae41d98dc675e8a09ae3f8|f103a492918d427eab3b9f5ad0caa323
ea051e1454144d6dac3a37f5acbffef2,1420,1.0,1,186916,149.70849465339234,1,True,0.43993664,0.40959525,17235c85ac6e46dfaee5cadec0b0567e,17235c85ac6e46dfaee5cadec0b0567e|a82e966b73ae41d98dc675e8a09ae3f8|317b319c62354cc88407d820846070ac|ef17e893a9fd47a1b43ca7dd03b92490|b2d1413561374dbf9dee7b7668c6eac2
fd9efc68cc964c2b8b8387306a69c240,1420,0.3333333333333333,3,430520,114.91632296954315,1,True,0.2484082,0.12951751,4ef2848605e8460fac202a3ff3a7eac0,f776ff5b53514c0f8a697f00a37d71e0|c4debdb813de42488347a61fe9844099|4ef2848605e8460fac202a3ff3a7eac0|ef17e893a9fd47a1b43ca7dd03b92490|317b319c62354cc88407d820846070ac
2351a756701b4e38aa65ec6e8334552c,1420,1.0,1,189144,151.54743055555556,1,True,0.40626103,0.51353335,17235c85ac6e46dfaee5cadec0b0567e,17235c85ac6e46dfaee5cadec0b0567e|317b319c62354cc88407d820846070ac|a82e966b73ae41d98dc675e8a09ae3f8|ef17e893a9fd47a1b43ca7dd03b92490|b2d1413561374dbf9dee7b7668c6eac2
3f29de04a0e74e7ab2dd343c7d8a33ce,321,1.0,1,308484,159.20705287929124,2,True,0.6720582,0.41786426,6918ce9cd29d46a5a2de033c95dc8413,6918ce9cd29d46a5a2de033c95dc8413|dde22e13be5f43b1abc446acc37c5084|0751c82fee8447bb97273851a90f84fa|f8e5e6491bd64416981439764460a350|74045bd0093a4586bf4a7a843c7a9c2d
72f342eeda8b457692e051074264e273,321,1.0,1,287280,125.79692390453835,2,True,0.6920525,0.3020403,6918ce9cd29d46a5a2de033c95dc8413,6918ce9cd29d46a5a2de033c95dc8413|1b79126c6b3a4b079d0a07604b9da83e|0751c82fee8447bb97273851a90f84fa|f8e5e6491bd64416981439764460a350|5f0b28f932b4492c91ed6e540f7776bd
5f6f063cab6c4c5999508e16ef20151f,321,1.0,1,289038,126.88082606589147,2,True,0.6842196,0.31081936,6918ce9cd29d46a5a2de033c95dc8413,6918ce9cd29d46a5a2de033c95dc8413|1b79126c6b3a4b079d0a07604b9da83e|0751c82fee8447bb97273851a90f84fa|f8e5e6491bd64416981439764460a350|5f0b28f932b4492c91ed6e540f7776bd
ae3d517d663b45f8aaac46bc0e483aa6,321,1.0,1,335331,135.00752314814815,2,True,0.6736734,0.34696186,1b79126c6b3a4b079d0a07604b9da83e,1b79126c6b3a4b079d0a07604b9da83e|dde22e13be5f43b1abc446acc37c5084|0751c82fee8447bb97273851a90f84fa|f8e5e6491bd64416981439764460a350|5f0b28f932b4492c91ed6e540f7776bd
3ea37fc13db242c789df05a28d88ecbd,321,1.0,1,309468,159.11881944444445,2,True,0.6840732,0.39609894,6918ce9cd29d46a5a2de033c95dc8413,6918ce9cd29d46a5a2de033c95dc8413|dde22e13be5f43b1abc446acc37c5084|0751c82fee8447bb97273851a90f84fa|f8e5e6491bd64416981439764460a350|74045bd0093a4586bf4a7a843c7a9c2d
63fdba5f942645e0989cb791de612f47,894,1.0,1,213156,55.032578229585006,2,True,0.64770824,0.15122479,5c82302d33b54091b703ac1e159fc00c,5c82302d33b54091b703ac1e159fc00c|4527dd2038b549d9b52e068035017204|d39d1f38b5f740c6802a529814d77923|b64f22beda0c4785ab30d227b3790794|11eddc1c3c3741688332c6c9a65bb4e1
f490e70744e94aae89fe108139936728,894,1.0,1,571728,59.69528793238994,2,True,0.6933737,0.3558069,8eae3742430444be93b88b710a06e49e,8eae3742430444be93b88b710a06e49e|4527dd2038b549d9b52e068035017204|11eddc1c3c3741688332c6c9a65bb4e1|b64f22beda0c4785ab30d227b3790794|94945598ed5d4204be76594b932b1695
e42f15887fbb446d81416cb55f319e48,894,1.0,1,209190,52.35789895411606,2,True,0.6511198,0.14703083,5c82302d33b54091b703ac1e159fc00c,5c82302d33b54091b703ac1e159fc00c|4527dd2038b549d9b52e068035017204|d39d1f38b5f740c6802a529814d77923|b64f22beda0c4785ab30d227b3790794|11eddc1c3c3741688332c6c9a65bb4e1
0a572476ab244ebd949b7d23f1f4937c,894,1.0,1,571584,68.35270439011566,2,True,0.6838465,0.38637805,8eae3742430444be93b88b710a06e49e,8eae3742430444be93b88b710a06e49e|4527dd2038b549d9b52e068035017204|11eddc1c3c3741688332c6c9a65bb4e1|b64f22beda0c4785ab30d227b3790794|509c9df9dfcb4509a5676437750ce388
ed5f216c4cdc4ec7af48fc16be4c839e,894,1.0,1,499110,124.83051609848485,2,True,0.622018,0.20251168,5c82302d33b54091b703ac1e159fc00c,5c82302d33b54091b703ac1e159fc00c|8eae3742430444be93b88b710a06e49e|d3c11a696e8c49a4bcd4950226f63847|62e4c46453d44df39484214b1dcc3adf|11eddc1c3c3741688332c6c9a65bb4e1
68df0cdb42c44386927d1ab20f02d81b,232,1.0,1,350703,87.90999348958333,1,True,0.5622851,0.45450032,db2940d153664264b342b6427b8a80fd,db2940d153664264b342b6427b8a80fd|da8fc458f7254fa592d06187eaad50db|24bde1a81d2a485c928b381c11b8e704|3ae1a1e1c37345aba6eddf39c2ae30f7|3710c4ae599b4b908245fb626f0af3b3
40484c7c6afa4e05a946533abd26aa67,232,1.0,1,180492,50.40876843278463,1,True,0.54299,0.5966772,fb38d022ce06472f9500dc6b7a26889f,fb38d022ce06472f9500dc6b7a26889f|da8fc458f7254fa592d06187eaad50db|24bde1a81d2a485c928b381c11b8e704|3710c4ae599b4b908245fb626f0af3b3|3ae1a1e1c37345aba6eddf39c2ae30f7
fc70f2fbfadc4062b97d7d07e30cb0b0,232,1.0,1,182286,53.70255335365854,1,True,0.5466304,0.55460846,fb38d022ce06472f9500dc6b7a26889f,fb38d022ce06472f9500dc6b7a26889f|da8fc458f7254fa592d06187eaad50db|24bde1a81d2a485c928b381c11b8e704|3710c4ae599b4b908245fb626f0af3b3|3ae1a1e1c37345aba6eddf39c2ae30f7
7ef15ae2d0174ff789e4b2184a62f7b2,232,1.0,1,250958,109.60051286139456,1,True,0.3301927,0.27194577,db2940d153664264b342b6427b8a80fd,db2940d153664264b342b6427b8a80fd|da8fc458f7254fa592d06187eaad50db|24bde1a81d2a485c928b381c11b8e704|3ae1a1e1c37345aba6eddf39c2ae30f7|3710c4ae599b4b908245fb626f0af3b3
6c2ed7c4919f45e39e7d6c32c1a1b860,573,1.0,1,259028,133.74632855191257,1,True,0.5904809,0.46305293,db4a53e44a4b4f03af9ec0b1ecbf4c84,db4a53e44a4b4f03af9ec0b1ecbf4c84|954b5da485f94634a090640b1ad5d37a|34122c9ca00245a3b664e9ce90305f58|78132423a1864875ad88d9b606b87efe|0e370706fdb14ba5affd18415b97ec19
408c933efe2a4c2a839b1f078f4185ac,573,1.0,1,285576,140.54717781007753,1,True,0.63378346,0.40020746,a29a08072c964c3f9ba40f8b5c358549,a29a08072c964c3f9ba40f8b5c358549|944dbf53512c45eda5381d04c1edb725|954b5da485f94634a090640b1ad5d37a|34122c9ca00245a3b664e9ce90305f58|f776ff5b53514c0f8a697f00a37d71e0
7fe687c368674db9a34a7e70e718e1e5,573,1.0,1,257985,133.67600537909837,1,True,0.5912364,0.45475483,db4a53e44a4b4f03af9ec0b1ecbf4c84,db4a53e44a4b4f03af9ec0b1ecbf4c84|954b5da485f94634a090640b1ad5d37a|34122c9ca00245a3b664e9ce90305f58|78132423a1864875ad88d9b606b87efe|0e370706fdb14ba5affd18415b97ec19
0d2ede46dda9403d9553aa2ba6180aaa,573,1.0,1,287545,142.06109152075226,1,True,0.59285486,0.4044432,a29a08072c964c3f9ba40f8b5c358549,a29a08072c964c3f9ba40f8b5c358549|944dbf53512c45eda5381d04c1edb725|954b5da485f94634a090640b1ad5d37a|34122c9ca00245a3b664e9ce90305f58|f776ff5b53514c0f8a697f00a37d71e0
46c026bc634c41d099fc4f3883a1e0b8,1069,0.8333333333333333,1,236176,58.89845238095238,2,True,0.44398427,0.30183858,e2a7145a17094ca8b32206f00e35cca3,e2a7145a17094ca8b32206f00e35cca3|684ac61449314f84b3e9ccf147f6b1bc|2bae42c456274091896d9b9f7b2c52b8|385140e7679d427293393f7639a01826|32b564f3f00c4c7888f60e0c129c624d
7e7cc0a6a50d4f3584c4d460459da0c0,1069,1.0,1,462354,122.08408061594203,2,True,0.5473222,0.34396374,c2059b8b82944b1b86e1a561cc92f558,c2059b8b82944b1b86e1a561cc92f558|e2a7145a17094ca8b32206f00e35cca3|684ac61449314f84b3e9ccf147f6b1bc|385140e7679d427293393f7639a01826|32b564f3f00c4c7888f60e0c129c624d
937bebb8ac1a477bb3a7c1c39d76f9ec,1069,0.6666666666666666,1,352296,129.91242666967509,2,True,0.48420334,0.38179696,c2059b8b82944b1b86e1a561cc92f558,c2059b8b82944b1b86e1a561cc92f558|385140e7679d427293393f7639a01826|684ac61449314f84b3e9ccf147f6b1bc|3923e495d10940e59c9dc28e385058e7|32b564f3f00c4c7888f60e0c129c624d
f44cb92508d14906b0cc3f4bdeb6db6c,1069,0.25,4,398692,108.25043776939656,2,True,0.17997324,0.13323839,c2059b8b82944b1b86e1a561cc92f558,765a3219d834419cbe7179e6da1288b3|217dc224802e4ddcb45cd42e065f23a6|fabd7b13569f4a04aac8e8ba6c0bb92f|c2059b8b82944b1b86e1a561cc92f558|19472f835fa747dc9c352cefcd8c8df3
c9b0bfe1dff74072831c1d9f53e8721c,1069,0.8333333333333333,1,232805,50.85726050569801,2,True,0.4622958,0.32687438,e2a7145a17094ca8b32206f00e35cca3,e2a7145a17094ca8b32206f00e35cca3|684ac61449314f84b3e9ccf147f6b1bc|2bae42c456274091896d9b9f7b2c52b8|385140e7679d427293393f7639a01826|32b564f3f00c4c7888f60e0c129c624d
18960c4f43a943db850051e4abd3395b,902,1.0,1,248084,88.82713293650794,3,True,0.7861638,0.4736939,2fb7341abe5946bb831f22efeb02b691,2fb7341abe5946bb831f22efeb02b691|f2a3285ca9a24828925b0feee504203a|84b84116c5f844e28f34a075fc4780af|a1c52547fa3a4a9d988533bc8430b141|b2db22092d634fe58a3f656a511fe30a
e6169bbda4884510ac25b2106a6bdfe8,902,1.0,1,207085,111.72190928683385,3,True,0.7753745,0.43601823,2fb7341abe5946bb831f22efeb02b691,2fb7341abe5946bb831f22efeb02b691|f2a3285ca9a24828925b0feee504203a|9c573a4d794b4ffc85f5ea169672910e|a1c52547fa3a4a9d988533bc8430b141|b2db22092d634fe58a3f656a511fe30a
e215401867a5468eaef2a35afc6e275a,902,1.0,1,368799,106.26456893241168,3,True,0.76973575,0.44013807,9c573a4d794b4ffc85f5ea169672910e,84b84116c5f844e28f34a075fc4780af|9c573a4d794b4ffc85f5ea169672910e|f2a3285ca9a24828925b0feee504203a|a1c52547fa3a4a9d988533bc8430b141|b2db22092d634fe58a3f656a511fe30a
48491886eacb455b9cc329940c6b990c,292,0.5833333333333333,2,230068,37.19073038856305,2,True,0.7259442,0.732096,48950f2161a64e7180e638cea0369236,bd0d9c44133240bc8552dc86c02da6b2|68c16be76a214e5a8ae4e56b67f1a2ea|48950f2161a64e7180e638cea0369236|67930fdb525b4684afd00a0cbebeef61|edb9a7d4b2c24ba89b392972f90a462c
ce2cd21c9835403d9bd52a4ffe210105,292,0.7,1,119385,94.85400175901495,2,True,0.647954,0.46946758,e18f39c7c4df4812891ba4f07c24e48c,e18f39c7c4df4812891ba4f07c24e48c|bd0d9c44133240bc8552dc86c02da6b2|fb4ca1a32cca47ebb2242887c600783b|67930fdb525b4684afd00a0cbebeef61|68c16be76a214e5a8ae4e56b67f1a2ea
c6f619c0d3574dee865c7b12faca6855,292,0.3333333333333333,3,633145,55.14985068259386,2,True,0.69705033,0.7423599,e18f39c7c4df4812891ba4f07c24e48c,edb9a7d4b2c24ba89b392972f90a462c|67930fdb525b4684afd00a0cbebeef61|e18f39c7c4df4812891ba4f07c24e48c|fb4ca1a32cca47ebb2242887c600783b|bd0d9c44133240bc8552dc86c02da6b2
462305c1dd524a7fb1172cf0e58be202,292,0.3666666666666667,3,222208,38.82582102545629,2,True,0.7386757,0.7571831,48950f2161a64e7180e638cea0369236,bd0d9c44133240bc8552dc86c02da6b2|fb4ca1a32cca47ebb2242887c600783b|68c16be76a214e5a8ae4e56b67f1a2ea|67930fdb525b4684afd00a0cbebeef61|48950f2161a64e7180e638cea0369236
aca3dbdf1fa94db7b730683fdc4e889a,648,1.0,1,265980,133.6133814102564,2,True,0.5941751,0.48422247,0e370706fdb14ba5affd18415b97ec19,0e370706fdb14ba5affd18415b97ec19|78132423a1864875ad88d9b606b87efe|958a36f0799e4299a057fedbca77707f|87ec7a51dfc14196ae24d67458ed2d1e|a29a08072c964c3f9ba40f8b5c358549
82bb9799ff2d4cf1816062d4e94e03fa,648,1.0,1,252000,117.51175356506239,2,True,0.81545997,0.55474204,78132423a1864875ad88d9b606b87efe,78132423a1864875ad88d9b606b87efe|49de32896dec48b6a33b11e163558a15|958a36f0799e4299a057fedbca77707f|87ec7a51dfc14196ae24d67458ed2d1e|a29a08072c964c3f9ba40f8b5c358549
4292311ce8db48b59f54ad350772762b,648,0.8333333333333333,1,239080,121.2899259868421,2,True,0.73354435,0.53062004,0e370706fdb14ba5affd18415b97ec19,0e370706fdb14ba5affd18415b97ec19|958a36f0799e4299a057fedbca77707f|49de32896dec48b6a33b11e163558a15|87ec7a51dfc14196ae24d67458ed2d1e|a29a08072c964c3f9ba40f8b5c358549
e929127c05904ea3b137ea19f1191e4f,648,1.0,1,250233,120.02017881016043,2,True,0.79759926,0.55392444,78132423a1864875ad88d9b606b87efe,78132423a1864875ad88d9b606b87efe|49de32896dec48b6a33b11e163558a15|958a36f0799e4299a057fedbca77707f|87ec7a51dfc14196ae24d67458ed2d1e|a29a08072c964c3f9ba40f8b5c358549
a76b4d9bf65843a3a3bb99251c3dbe8e,648,0.8333333333333333,1,241860,127.48385959201389,2,True,0.74530643,0.5397359,0e370706fdb14ba5affd18415b97ec19,0e370706fdb14ba5affd18415b97ec19|958a36f0799e4299a057fedbca77707f|49de32896dec48b6a33b11e163558a15|87ec7a51dfc14196ae24d67458ed2d1e|a29a08072c964c3f9ba40f8b5c358549
91f71fe1d4614b1eaeccc84b51b8a1dd,979,1.0,1,419814,110.03095263840831,1,True,0.61492693,0.27227777,f321bd0faa0f4ae198e16052629f1829,f321bd0faa0f4ae198e16052629f1829|0b264e6c4f5f485fbb4a6d155e19d20b|c436257a9faf47c2bf040a7a43ef0461|b8ede6493d4d4d899e97a2564fc118cd|6ceb98dc906445b4a984627a8181425d
4b58a5389e634596969ef49d7980ca1a,979,0.16666666666666666,6,611660,47.69914836711712,1,True,0.27210128,0.33157736,53ba664556c24ad2b8ec64bfe5ded724,d437ae7a950b4914904cbb0825e12050|b8ede6493d4d4d899e97a2564fc118cd|14a1e044792444549512c512637149b6|6eefe7a96c4d4beb923676b334c60fc7|6ceb98dc906445b4a984627a8181425d
e9b7b88f9b0a4959ad3413e5bbe778e7,979,0.16666666666666666,6,606816,63.24180698249619,1,True,0.2472904,0.34000373,53ba664556c24ad2b8ec64bfe5ded724,d437ae7a950b4914904cbb0825e12050|b8ede6493d4d4d899e97a2564fc118cd|6eefe7a96c4d4beb923676b334c60fc7|14a1e044792444549512c512637149b6|6ceb98dc906445b4a984627a8181425d
294aebbf01934db28337701ed1dfbdf8,979,1.0,1,417760,108.5405906394676,1,True,0.58650136,0.27657014,f321bd0faa0f4ae198e16052629f1829,f321bd0faa0f4ae198e16052629f1829|0b264e6c4f5f485fbb4a6d155e19d20b|c436257a9faf47c2bf040a7a43ef0461|1354009a8f394c7aac138b8ffc0da424|218cd0cdcb674f54be95b5dda7408158
ddb9c8a96cca485288bf052472f4774e,743,0.5833333333333333,2,609889,104.6281746031746,2,True,0.43246573,0.22694801,9073c76ff16e463583044c8e0e37101d,b01eadf8a5264fc684b87ac714870423|9073c76ff16e463583044c8e0e37101d|b01f70abda4e4ce4a162a83e4a7d0995|3fdc43ae9a3d40e5980bca67f16e66fe|9cf589fd83cd444d9e124512d09383be
3f94006e6d3b4ac3af8020637db16c5e,743,1.0,1,281088,106.62616185897436,2,True,0.51444155,0.11682856,9073c76ff16e463583044c8e0e37101d,9073c76ff16e463583044c8e0e37101d|952f8d0e39c44fdb97b2e3998fd2b26a|b01eadf8a5264fc684b87ac714870423|25f0002a7c044a348085dd82be8261e4|384151a9dbcb445fa4edd5f3f54c7e6e
fb465a49892a46efb1ea32479ec9a894,743,1.0,1,299019,97.42320228494624,2,True,0.4783708,0.13120183,9073c76ff16e463583044c8e0e37101d,9073c76ff16e463583044c8e0e37101d|952f8d0e39c44fdb97b2e3998fd2b26a|3fdc43ae9a3d40e5980bca67f16e66fe|05cd40d3848e46d4b5f520fc743be8dd|b01eadf8a5264fc684b87ac714870423
ef5b26d1e9fd4aa3874655612c1a5b4b,743,1.0,1,506506,87.90716280068729,2,True,0.5315586,0.18580364,b01f70abda4e4ce4a162a83e4a7d0995,b01f70abda4e4ce4a162a83e4a7d0995|952f8d0e39c44fdb97b2e3998fd2b26a|b01eadf8a5264fc684b87ac714870423|4b88cfa27d344f0f97f6b45e717781aa|56fd841efa844197a614a70b3784b7ae
82676a29ee724ecfa7c9f20b0cdf5af2,743,0.8333333333333333,1,612774,97.72207685406698,2,True,0.5096376,0.22536686,9073c76ff16e463583044c8e0e37101d,9073c76ff16e463583044c8e0e37101d|b01eadf8a5264fc684b87ac714870423|b01f70abda4e4ce4a162a83e4a7d0995|3fdc43ae9a3d40e5980bca67f16e66fe|9cf589fd83cd444d9e124512d09383be
9673bfccd3bd40a3b3f5537537cdd8cb,31,1.0,1,291312,132.25430253623188,1,True,0.36935586,0.22384627,ee04941de1104a6c94a2d07cf6657dce,ee04941de1104a6c94a2d07cf6657dce|2d20c60d3ca440eca63fe3d8c9ecc42a|6a1d4be4bd514bd9aa329e9950045c41|572cbdfc87794a6882e191ae1c90b6e6|24854f6058d0495bb731f392cd390f66
4fefc99c38cc4c0ebac23a81e383d351,31,0.5,2,219373,91.53051364942529,1,True,0.55889785,0.40630266,eaf4d4942f014fea836ba445fbfb1c7e,572cbdfc87794a6882e191ae1c90b6e6|eaf4d4942f014fea836ba445fbfb1c7e|6a1d4be4bd514bd9aa329e9950045c41|2d20c60d3ca440eca63fe3d8c9ecc42a|76b516d366894d17879058950f835f5b
39dfdee0654f4b62a987e4367a1a6484,31,0.5,2,256434,111.46446397569444,1,True,0.4312495,0.37091452,ee04941de1104a6c94a2d07cf6657dce,2d20c60d3ca440eca63fe3d8c9ecc42a|ee04941de1104a6c94a2d07cf6657dce|6a1d4be4bd514bd9aa329e9950045c41|572cbdfc87794a6882e191ae1c90b6e6|24854f6058d0495bb731f392cd390f66
50934dc4ae9046838cd233f03d2dabd5,31,0.5,2,211680,103.14827882317802,1,True,0.5363229,0.39505148,eaf4d4942f014fea836ba445fbfb1c7e,572cbdfc87794a6882e191ae1c90b6e6|eaf4d4942f014fea836ba445fbfb1c7e|2d20c60d3ca440eca63fe3d8c9ecc42a|6a1d4be4bd514bd9aa329e9950045c41|76b516d366894d17879058950f835f5b
59a79b93790f4955b5c6e15100462034,249,1.0,1,295311,104.64489583333334,2,True,0.49186805,0.4531681,f8e5e6491bd64416981439764460a350,f8e5e6491bd64416981439764460a350|74045bd0093a4586bf4a7a843c7a9c2d|1b79126c6b3a4b079d0a07604b9da83e|6918ce9cd29d46a5a2de033c95dc8413|6f78768d44df4346adda3bfc4ab6e846
e47bc7c6d47c4c6fb306a4a4e1676196,249,1.0,1,552537,61.29363715277778,2,True,0.53893065,0.44855648,f8e5e6491bd64416981439764460a350,f8e5e6491bd64416981439764460a350|0751c82fee8447bb97273851a90f84fa|6f78768d44df4346adda3bfc4ab6e846|fc8c77e7398946e1bf289ea5efbbecff|7778e71dc3744305835499a15a9fb204
a4feca4741eb4d6ab90b781ddf51e631,249,1.0,1,182470,98.99435927672955,2,True,0.5352323,0.26801017,0751c82fee8447bb97273851a90f84fa,0751c82fee8447bb97273851a90f84fa|74045bd0093a4586bf4a7a843c7a9c2d|32b93891df7f412fa9f081eb11c3323a|fc8c77e7398946e1bf289ea5efbbecff|7778e71dc3744305835499a15a9fb204
36d16ee50bff4140924f43fb4fafcdcf,249,1.0,1,552537,60.39824652777778,2,True,0.5506469,0.42624104,f8e5e6491bd64416981439764460a350,f8e5e6491bd64416981439764460a350|0751c82fee8447bb97273851a90f84fa|6f78768d44df4346adda3bfc4ab6e846|fc8c77e7398946e1bf289ea5efbbecff|7778e71dc3744305835499a15a9fb204
dc4eca39e5f14bf1be9b9ac1ad9ef908,249,1.0,1,297540,101.91878255208333,2,True,0.4799251,0.43957385,f8e5e6491bd64416981439764460a350,f8e5e6491bd64416981439764460a350|74045bd0093a4586bf4a7a843c7a9c2d|1b79126c6b3a4b079d0a07604b9da83e|6918ce9cd29d46a5a2de033c95dc8413|6f78768d44df4346adda3bfc4ab6e846
8208878d8afe49b0b123baf92c511e01,657,1.0,1,651990,126.22901218220339,1,True,0.61716783,0.32445914,94341f0573ba4727ac54d60f87526120,94341f0573ba4727ac54d60f87526120|91412fc3fafc45068d9dae64ae31258c|fb36c070d9544be084b5ad04a5c90df8|34360b4dd3d645e484e4895ef6cfa1fa|a0c40885c1a84e129bfb1734e30ffab0
8956419adae847ceadc393d770d77235,657,1.0,1,663435,129.50264793417367,1,True,0.63934493,0.30537438,94341f0573ba4727ac54d60f87526120,94341f0573ba4727ac54d60f87526120|fb36c070d9544be084b5ad04a5c90df8|91412fc3fafc45068d9dae64ae31258c|68d65a559e9c40868445acd88ea1deaf|34360b4dd3d645e484e4895ef6cfa1fa
61003b5ea3e44f0e931884dba9e89905,1346,1.0,1,221892,117.20520389441288,1,True,0.6179337,0.24686067,b2d1413561374dbf9dee7b7668c6eac2,b2d1413561374dbf9dee7b7668c6eac2|4d11d4234b824cb9a36b6275913d59d1|2082ba5cfcee4b5293d53d11dd940219|6800fb4be297494b82424c0e818e8afc|16ef6deca45d4956a1596c6795d69956
6d457178d8be4061a48b43fc64e588ff,1346,1.0,1,281542,141.32478632478632,1,True,0.6391375,0.40104523,7712dec1a21e4b6a850859de5b6326e7,7712dec1a21e4b6a850859de5b6326e7|6800fb4be297494b82424c0e818e8afc|a64bf8daeade464296fa118086847bc3|5046f4617ef84b66a65951d53bc8c8af|aac8c5dbda5e4125b2a9453a56b20638
945480ab47364bf89fd2c0dec556cd2d,1346,1.0,1,219968,125.4985119047619,1,True,0.641928,0.26768625,b2d1413561374dbf9dee7b7668c6eac2,b2d1413561374dbf9dee7b7668c6eac2|89dfb17d7aeb4b549835a75fa7ad0747|d37b6f95ee0748c5baf881b888668921|a1d81a64d7f0418b88bdeb0760daae0c|6800fb4be297494b82424c0e818e8afc
fbf4c034f074431e97cc31142ebd274e,1346,1.0,1,281385,134.73795984968353,1,True,0.608649,0.34693313,7712dec1a21e4b6a850859de5b6326e7,7712dec1a21e4b6a850859de5b6326e7|6800fb4be297494b82424c0e818e8afc|a64bf8daeade464296fa118086847bc3|5046f4617ef84b66a65951d53bc8c8af|aac8c5dbda5e4125b2a9453a56b20638
f61b07ae71de41cba0d4215b64eb3b1d,374,0.5,2,367611,93.33149012445888,1,True,0.5611852,0.6781822,f96b74c0ec4a49c88eb770e537b3d24e,cb05cb6476f745508fa414d46e0d62e1|f96b74c0ec4a49c88eb770e537b3d24e|2082ba5cfcee4b5293d53d11dd940219|102587885b394ff1b73d9af9a6d9254d|16ef6deca45d4956a1596c6795d69956
b416d3e8bc06412b8979703e05c96505,374,0.3333333333333333,3,391776,82.90398210710711,1,True,0.52470064,0.4860479,2bbb203baa0a49f187b39a5f0eaf86da,2082ba5cfcee4b5293d53d11dd940219|cb05cb6476f745508fa414d46e0d62e1|2bbb203baa0a49f187b39a5f0eaf86da|102587885b394ff1b73d9af9a6d9254d|4d11d4234b824cb9a36b6275913d59d1
244320c7b6f74d4188fbde046f0c031f,374,0.5,2,410084,82.28221685862692,1,True,0.53902525,0.48057938,2bbb203baa0a49f187b39a5f0eaf86da,2082ba5cfcee4b5293d53d11dd940219|2bbb203baa0a49f187b39a5f0eaf86da|cb05cb6476f745508fa414d46e0d62e1|102587885b394ff1b73d9af9a6d9254d|4d11d4234b824cb9a36b6275913d59d1
3f7161dcf1754739b1db53b591461dde,374,0.5,2,247520,103.66252920560747,1,True,0.5705563,0.5986629,f96b74c0ec4a49c88eb770e537b3d24e,cb05cb6476f745508fa414d46e0d62e1|f96b74c0ec4a49c88eb770e537b3d24e|2082ba5cfcee4b5293d53d11dd940219|102587885b394ff1b73d9af9a6d9254d|16ef6deca45d4956a1596c6795d69956
cc9bb8b8620843468d7403813a3b9670,21,1.0,1,330379,120.38676653287462,1,True,0.6028707,0.45388937,b4e9ade097e54b81b637ad7ba08f04db,b4e9ade097e54b81b637ad7ba08f04db|57d14849b180416c9e38213049b17530|6ef381caecc64539b58a5aefe7ed8203|954b5da485f94634a090640b1ad5d37a|34122c9ca00245a3b664e9ce90305f58
2da2e8878e974ded9d7ac2358723da0e,21,1.0,1,418816,37.79157986111111,1,True,0.61320674,0.35031024,899bd5837820403a9c115e62724be17a,899bd5837820403a9c115e62724be17a|8cce315a9799468d9593586cfda00bb3|7d120d655d3146c2859cbceaa99ccc40|57d14849b180416c9e38213049b17530|6ef381caecc64539b58a5aefe7ed8203
2a5d146b49754150bdb021b819f8843d,21,1.0,1,329840,112.51476883561644,1,True,0.6431813,0.43857354,b4e9ade097e54b81b637ad7ba08f04db,b4e9ade097e54b81b637ad7ba08f04db|57d14849b180416c9e38213049b17530|6ef381caecc64539b58a5aefe7ed8203|954b5da485f94634a090640b1ad5d37a|34122c9ca00245a3b664e9ce90305f58
2295019afd984438832d5251696ba692,21,1.0,1,412460,56.931331656073446,1,True,0.43109483,0.32031965,899bd5837820403a9c115e62724be17a,899bd5837820403a9c115e62724be17a|8cce315a9799468d9593586cfda00bb3|57d14849b180416c9e38213049b17530|7d120d655d3146c2859cbceaa99ccc40|6ef381caecc64539b58a5aefe7ed8203
4334561fe16e451e9360ec35d068931d,1361,1.0,1,415350,65.3980861441799,1,True,0.65154344,0.46214777,422591f8e9da43c58dc8d535205cb5dc,422591f8e9da43c58dc8d535205cb5dc|c404defce42d4590ba091e82245aa373|48950f2161a64e7180e638cea0369236|67930fdb525b4684afd00a0cbebeef61|edb9a7d4b2c24ba89b392972f90a462c
2c3a32934654401bb314cb271cee4e91,1361,0.5,2,493350,90.04191046099291,1,True,0.40838015,0.4716388,24ba40b8273f4683ad72100451fc046a,c404defce42d4590ba091e82245aa373|24ba40b8273f4683ad72100451fc046a|67930fdb525b4684afd00a0cbebeef61|edb9a7d4b2c24ba89b392972f90a462c|48950f2161a64e7180e638cea0369236
abdb02fe03c840938fa27cc353bdb80e,1361,1.0,1,498806,93.70811170212765,1,True,0.36321115,0.5758171,24ba40b8273f4683ad72100451fc046a,24ba40b8273f4683ad72100451fc046a|edb9a7d4b2c24ba89b392972f90a462c|67930fdb525b4684afd00a0cbebeef61|bd0d9c44133240bc8552dc86c02da6b2|68c16be76a214e5a8ae4e56b67f1a2ea
8b357e20060146ddba8ab4d42de796a7,1361,1.0,1,434217,71.51297222222222,1,True,0.6636986,0.44566417,422591f8e9da43c58dc8d535205cb5dc,422591f8e9da43c58dc8d535205cb5dc|c404defce42d4590ba091e82245aa373|a27924365be34608a104be9a434bab29|48950f2161a64e7180e638cea0369236|edb9a7d4b2c24ba89b392972f90a462c
4efdc6bd87f742e595b77fb01e956754,405,0.0,99,232481,95.29526084710744,1,True,0.11129102,0.2811325,2a45ce23767945aba36f9ebcc5656a29,bec6e99d1ca5489e9ee86f6271816f16|b437ba41530a4b78b99c2a982bf6b8a2|cde864ac131648378c5e23dc2658ffe4|da8fc458f7254fa592d06187eaad50db|762a981e62a4491e9ed2f7d5c520844f
58faa2f6fa6a4bda955483b33c60a538,405,0.0,99,235904,90.07950680272108,1,True,0.038396172,0.25020814,2a45ce23767945aba36f9ebcc5656a29,bec6e99d1ca5489e9ee86f6271816f16|b437ba41530a4b78b99c2a982bf6b8a2|da8fc458f7254fa592d06187eaad50db|48d92e6c2ce947feb97575a01e167ae5|cde864ac131648378c5e23dc2658ffe4
fb363167599d49218191b691016812eb,405,0.0,99,358888,127.78732638888889,1,True,0.08495279,0.29748043,2eeb795215de4de495cda6dabd500d75,f288915ac1464b388c8ea906b30a5575|34fd46686e01427f86e0f4b6a6ee74f7|32b93891df7f412fa9f081eb11c3323a|c979f0fa874e4a5aa25608962bbe9e62|fe0a10aad6d24b36bc414771e14864d1
a76c648b5cb443a4912f970d74f4b494,405,0.0,99,360000,122.65104166666667,1,True,0.2315258,0.2243253,2eeb795215de4de495cda6dabd500d75,f288915ac1464b388c8ea906b30a5575|34fd46686e01427f86e0f4b6a6ee74f7|32b93891df7f412fa9f081eb11c3323a|fe0a10aad6d24b36bc414771e14864d1|765a3219d834419cbe7179e6da1288b3
d12041e6a4824407a20496676f8a887a,1320,1.0,1,427616,64.51904821908602,3,True,0.4619956,0.3949212,d120e599ff5f4fb79efe4008e0b1072b,578be4294ea24e7e80c14a04930affb5|d120e599ff5f4fb79efe4008e0b1072b|806c2361bd8646c082b936fea7a8263d|ea29948f88104555a34197a88f297279|edabdf95ab254809a0a0a3689270dbeb
cbb851755dda4482a464acdef5e1f8f4,1320,1.0,1,547370,113.96024734982332,3,True,0.57333314,0.19579792,578be4294ea24e7e80c14a04930affb5,578be4294ea24e7e80c14a04930affb5|a58fe6fabb0b436b9462834cdf4714f8|806c2361bd8646c082b936fea7a8263d|dc79a91c8e234d62b44ffefca966ee74|25f0002a7c044a348085dd82be8261e4
d158a539d7e34e60b8131360680f6c0f,1320,1.0,1,556852,113.72704173900463,3,True,0.50504184,0.1904771,578be4294ea24e7e80c14a04930affb5,578be4294ea24e7e80c14a04930affb5|a58fe6fabb0b436b9462834cdf4714f8|806c2361bd8646c082b936fea7a8263d|ea29948f88104555a34197a88f297279|5ab52bb6a33e4c45a8e4b21060110a8d
0dfb04c01ea6486c9c4eabc4974678f4,1320,1.0,1,226380,72.99277975195095,3,True,0.5132233,0.21458264,578be4294ea24e7e80c14a04930affb5,578be4294ea24e7e80c14a04930affb5|d120e599ff5f4fb79efe4008e0b1072b|a58fe6fabb0b436b9462834cdf4714f8|b99cc167c5994804a0d05d12e5f26803|99e28c0051424e6daa44834b0ecac4ab
260b185659ad4be098c1b63bc20cb12b,796,1.0,1,281930,121.64687148085585,1,True,0.5291386,0.27975327,8147ea1a93364a48901d7dc639aff1a1,8147ea1a93364a48901d7dc639aff1a1|563a4f2d7f86455db1554d7d12ef4438|c1df5dce1fa946b68188af887a2244e0|a9c3e631dd4f4158a09fa30c3689a210|59fdb0273ecd449ea0fa306f14fc28b3
47ed995c199b483a9d0c064875e3d994,796,1.0,1,240400,94.75398763020833,1,True,0.5075532,0.1456573,319d53a33b244051ae4b09e3c39463ea,319d53a33b244051ae4b09e3c39463ea|cf148b0b408842dda594e6ee5a46a9fd|59fdb0273ecd449ea0fa306f14fc28b3|c1df5dce1fa946b68188af887a2244e0|89142875ceb84465b665ef999283e77a
b563936b51264c70804520ef513cac53,796,1.0,1,237804,113.2951929312581,1,True,0.52357185,0.22291566,319d53a33b244051ae4b09e3c39463ea,319d53a33b244051ae4b09e3c39463ea|ed90c9732ed34546a0a5616d2ae1f3de|59fdb0273ecd449ea0fa306f14fc28b3|c1df5dce1fa946b68188af887a2244e0|89142875ceb84465b665ef999283e77a
6da92744a6e24bb19cf1b3bb37a83f6e,796,1.0,1,283650,125.36936504550626,1,True,0.50579804,0.28315642,8147ea1a93364a48901d7dc639aff1a1,8147ea1a93364a48901d7dc639aff1a1|563a4f2d7f86455db1554d7d12ef4438|a9c3e631dd4f4158a09fa30c3689a210|c1df5dce1fa946b68188af887a2244e0|59fdb0273ecd449ea0fa306f14fc28b3
121729f11e62463c9dcdb6288c0d0241,1039,0.225,5,302592,136.59515122673434,2,True,0.42575055,0.57700384,8fdfac30ce5a466592f14b41b7cde82a,1bdb8e13cf634b7cad7852105c86d69d|8ae31f73c20749c4b70bf7d140eee3b0|fc7507f7b2a649a99b670e047a94526a|792c70ca36494e9f98826dc607cfc874|8fdfac30ce5a466592f14b41b7cde82a
6d8432f1de9d4c6dba6bb072de96cce8,1039,0.26666666666666666,5,202288,114.39171330845771,2,True,0.24882355,0.3179111,6753429fea5f4148ab49a4204fedfd03,500b7333dfd6475b9e2da65756392e88|792c70ca36494e9f98826dc607cfc874|1bdb8e13cf634b7cad7852105c86d69d|8ae31f73c20749c4b70bf7d140eee3b0|8fdfac30ce5a466592f14b41b7cde82a
6d87f1485ed74c3aad324d8066e3637b,1039,0.25,4,321024,90.87143378450106,2,True,0.29890937,0.52965665,6753429fea5f4148ab49a4204fedfd03,792c70ca36494e9f98826dc607cfc874|8ae31f73c20749c4b70bf7d140eee3b0|1bdb8e13cf634b7cad7852105c86d69d|6753429fea5f4148ab49a4204fedfd03|500b7333dfd6475b9e2da65756392e88
8e51ec15e1da46879ecbd655ad1e49c3,1039,0.2361111111111111,4,320040,132.45917338709677,2,True,0.43666792,0.5758507,6753429fea5f4148ab49a4204fedfd03,1bdb8e13cf634b7cad7852105c86d69d|792c70ca36494e9f98826dc607cfc874|8ae31f73c20749c4b70bf7d140eee3b0|6753429fea5f4148ab49a4204fedfd03|fc7507f7b2a649a99b670e047a94526a
9d2c8bbb471443628cf77282b4835d58,1039,0.22619047619047616,6,299130,138.2994925213675,2,True,0.35447967,0.48032412,8fdfac30ce5a466592f14b41b7cde82a,1bdb8e13cf634b7cad7852105c86d69d|8ae31f73c20749c4b70bf7d140eee3b0|500b7333dfd6475b9e2da65756392e88|fc7507f7b2a649a99b670e047a94526a|792c70ca36494e9f98826dc607cfc874
74f6d5a615f94ade9f018adb01876097,414,0.41666666666666663,3,617826,57.378056720020325,2,True,0.57160175,0.5281385,5edea368e47e47ada4673bb993eb2206,b8012abf309c4a459721bd4204be320b|fb4a798e1dbe49809b9caac415e13f78|5edea368e47e47ada4673bb993eb2206|c60b19798e944b28ab4414dffc18192e|90eacb98cb8c48c3a0163ad66e121efa
9282446619c647c49db55c8a39fa3fec,414,0.7,1,301000,76.19642274033438,2,True,0.65163934,0.44629654,c60b19798e944b28ab4414dffc18192e,c60b19798e944b28ab4414dffc18192e|459906b71d834d72b8dfa4ad57640e7b|cf305ddb72064ba59b458bdce8a2c6e0|90eacb98cb8c48c3a0163ad66e121efa|a91fee0e42e94aaf99824a86e73b829b
3afe797b0f634ee88f8adca9b666681b,414,0.41666666666666663,3,617848,58.142391044061306,2,True,0.54996276,0.5427426,5edea368e47e47ada4673bb993eb2206,b8012abf309c4a459721bd4204be320b|fb4a798e1dbe49809b9caac415e13f78|5edea368e47e47ada4673bb993eb2206|c60b19798e944b28ab4414dffc18192e|90eacb98cb8c48c3a0163ad66e121efa
5970d0cd9e0a4b6eaf9d65b72c2eee2f,414,0.7,1,331128,66.15430790960453,2,True,0.66471326,0.41867793,c60b19798e944b28ab4414dffc18192e,c60b19798e944b28ab4414dffc18192e|459906b71d834d72b8dfa4ad57640e7b|cf305ddb72064ba59b458bdce8a2c6e0|90eacb98cb8c48c3a0163ad66e121efa|a91fee0e42e94aaf99824a86e73b829b
93237c2265ba4bfc994654c34cbef183,414,0.5,1,820512,119.44857000883393,2,True,0.61006284,0.5131438,5edea368e47e47ada4673bb993eb2206,5edea368e47e47ada4673bb993eb2206|83d587a99a884aec8f6f926fc8526e4b|cd633c5328fa44c98c4a6ba344c47984|459906b71d834d72b8dfa4ad57640e7b|cf305ddb72064ba59b458bdce8a2c6e0
5c1979ec5dd945949881fdd68b96204d,1425,0.5,2,386284,121.89684606481481,2,True,0.38999015,0.52242076,06b6fd899f4140a692e8c941ccdfd346,00b198c9bd9f45079a7bbcd420f09c49|06b6fd899f4140a692e8c941ccdfd346|052d9565e1c545b69509364d80426804|f4a69bf7688044f39b00d77186e71a1a|f4e982788f2d4032ba2c15834f59abc6
c7c9acdb24c842abae441d3b21670c9d,1425,0.5833333333333333,2,385920,123.79404319638695,2,True,0.40087026,0.513364,f4a69bf7688044f39b00d77186e71a1a,00b198c9bd9f45079a7bbcd420f09c49|06b6fd899f4140a692e8c941ccdfd346|f4a69bf7688044f39b00d77186e71a1a|052d9565e1c545b69509364d80426804|f4e982788f2d4032ba2c15834f59abc6
d3876a0dc7e34c45ad403ea0e54732e2,1425,0.7,1,500055,96.35906661184211,2,True,0.5625813,0.38928732,f4a69bf7688044f39b00d77186e71a1a,f4a69bf7688044f39b00d77186e71a1a|d05a5b1a335f4e83a1e5ffd75a69c7bb|15176bdecb8d4a1e90b73a82e4bbd577|f4e982788f2d4032ba2c15834f59abc6|5cabf3e68268472ca4a915a378c67e65
a3018de85615478d8cfd3c736773c099,1425,0.8333333333333333,1,498125,78.6624013704319,2,True,0.5609925,0.36644858,f4a69bf7688044f39b00d77186e71a1a,f4a69bf7688044f39b00d77186e71a1a|15176bdecb8d4a1e90b73a82e4bbd577|5cabf3e68268472ca4a915a378c67e65|d05a5b1a335f4e83a1e5ffd75a69c7bb|f4e982788f2d4032ba2c15834f59abc6
d2609baba2a64f599a286c2ca852fad6,1425,1.0,1,166213,94.63489208633094,2,True,0.56989145,0.42554507,06b6fd899f4140a692e8c941ccdfd346,06b6fd899f4140a692e8c941ccdfd346|5cabf3e68268472ca4a915a378c67e65|00b198c9bd9f45079a7bbcd420f09c49|052d9565e1c545b69509364d80426804|15176bdecb8d4a1e90b73a82e4bbd577
242a4a09fb074037beda240d4b244c61,433,1.0,1,302544,131.8941413606403,1,True,0.45887327,0.4345479,ea29948f88104555a34197a88f297279,ea29948f88104555a34197a88f297279|9bed6ea3b45a4dec96238ab04b073888|bfc4d31c510b4348807ddc4c96f96593|5c6e6a339bb04c5ea939a670a60fd6d7|7cfb742d0faa4c408a28d6df7e4b6948
0a333669d6984328a66c9a711280b1b5,433,1.0,1,228879,119.0654955904908,1,True,0.5073483,0.32370895,417f99419c4745ae868a47dc7ec1bafb,417f99419c4745ae868a47dc7ec1bafb|9bed6ea3b45a4dec96238ab04b073888|bfc4d31c510b4348807ddc4c96f96593|5c6e6a339bb04c5ea939a670a60fd6d7|52f66a2b92cf44eea064eecd38e079b0
d0b56248cde64831b27de96008cca109,433,0.5,2,344400,127.03948115349682,1,True,0.46437895,0.45829496,ea29948f88104555a34197a88f297279,9bed6ea3b45a4dec96238ab04b073888|ea29948f88104555a34197a88f297279|bfc4d31c510b4348807ddc4c96f96593|5c6e6a339bb04c5ea939a670a60fd6d7|7cfb742d0faa4c408a28d6df7e4b6948
39f634de87184e62846911f78190d42f,433,1.0,1,527583,105.50563461061508,1,True,0.51587635,0.3890785,417f99419c4745ae868a47dc7ec1bafb,417f99419c4745ae868a47dc7ec1bafb|bfc4d31c510b4348807ddc4c96f96593|9bed6ea3b45a4dec96238ab04b073888|5c6e6a339bb04c5ea939a670a60fd6d7|52f66a2b92cf44eea064eecd38e079b0
dcbee35ef3ae42179945cd232d50ae50,1137,1.0,1,154049,134.48075018011528,2,True,0.65887755,0.30221227,9e12d2edbb2040eab83246961f4c6850,9e12d2edbb2040eab83246961f4c6850|801378899195445cac663804bf6f664e|9bed6ea3b45a4dec96238ab04b073888|bfc4d31c510b4348807ddc4c96f96593|15b603964b534aedb90cdb8f75132dc6
d2212a501358476380de5c2a6c140b58,1137,1.0,1,618264,132.48956984024178,2,True,0.74589086,0.3853201,9e12d2edbb2040eab83246961f4c6850,9e12d2edbb2040eab83246961f4c6850|5b7206e44ba146339f78e7b18ad8717a|bfc4d31c510b4348807ddc4c96f96593|9bed6ea3b45a4dec96238ab04b073888|6fe521f23cb942de947c8634ec8d7bfe
f78d8f147416456b8fda9bfb7394a529,1137,1.0,1,383508,128.05947322733917,2,True,0.7393771,0.2971933,801378899195445cac663804bf6f664e,801378899195445cac663804bf6f664e|5b7206e44ba146339f78e7b18ad8717a|bfc4d31c510b4348807ddc4c96f96593|9bed6ea3b45a4dec96238ab04b073888|3c780ad3dead4ff1a7dffaef048f5c27
81a3f6e40f7c45c8b6937f4ccc5c4b73,1137,1.0,1,378873,125.75680295521292,2,True,0.76056504,0.30949733,801378899195445cac663804bf6f664e,801378899195445cac663804bf6f664e|5b7206e44ba146339f78e7b18ad8717a|bfc4d31c510b4348807ddc4c96f96593|9bed6ea3b45a4dec96238ab04b073888|794d1ad2685a4ee292385189b68494ff
bef58b100e6f45a492b7fc414aefecc9,1137,1.0,1,619941,128.59058973524304,2,True,0.7561343,0.30146953,9e12d2edbb2040eab83246961f4c6850,9e12d2edbb2040eab83246961f4c6850|5b7206e44ba146339f78e7b18ad8717a|9bed6ea3b45a4dec96238ab04b073888|bfc4d31c510b4348807ddc4c96f96593|6fe521f23cb942de947c8634ec8d7bfe
8e56493cc1de4e19a87f5629c682a838,105,1.0,1,537734,128.4448009672619,1,True,0.62220454,0.4991765,218cd0cdcb674f54be95b5dda7408158,218cd0cdcb674f54be95b5dda7408158|bf698497c4ce4d5683fc5947af7a706a|d1d837cf754845dda44ccbef44ea3541|53ba664556c24ad2b8ec64bfe5ded724|0b264e6c4f5f485fbb4a6d155e19d20b
a6e06a0bb97148a68cf55df1a4c13fe6,105,1.0,1,480528,137.994125246063,1,True,0.5084245,0.48638678,218cd0cdcb674f54be95b5dda7408158,218cd0cdcb674f54be95b5dda7408158|d1d837cf754845dda44ccbef44ea3541|bf698497c4ce4d5683fc5947af7a706a|53ba664556c24ad2b8ec64bfe5ded724|f321bd0faa0f4ae198e16052629f1829
1e63088e77264f70948d875e4723e4dd,105,1.0,1,262504,109.51451619466145,1,True,0.54745305,0.46535623,1354009a8f394c7aac138b8ffc0da424,1354009a8f394c7aac138b8ffc0da424|bf698497c4ce4d5683fc5947af7a706a|d1d837cf754845dda44ccbef44ea3541|f321bd0faa0f4ae198e16052629f1829|c436257a9faf47c2bf040a7a43ef0461
510ad084140e4def92af6f1fee4ad9eb,105,1.0,1,259791,120.6488326848249,1,True,0.6487956,0.5426062,1354009a8f394c7aac138b8ffc0da424,1354009a8f394c7aac138b8ffc0da424|bf698497c4ce4d5683fc5947af7a706a|d1d837cf754845dda44ccbef44ea3541|c436257a9faf47c2bf040a7a43ef0461|0b264e6c4f5f485fbb4a6d155e19d20b
8ce2e15dd0104aa3972295a9da53d918,617,1.0,1,441466,92.48169143800813,1,True,0.5284709,0.45743403,d1d837cf754845dda44ccbef44ea3541,d1d837cf754845dda44ccbef44ea3541|218cd0cdcb674f54be95b5dda7408158|1354009a8f394c7aac138b8ffc0da424|53ba664556c24ad2b8ec64bfe5ded724|0b264e6c4f5f485fbb4a6d155e19d20b
54ad976b0d6c4cacb8206bc64f3647d6,617,1.0,1,453861,102.86365382251721,1,True,0.6146133,0.56194836,d1d837cf754845dda44ccbef44ea3541,d1d837cf754845dda44ccbef44ea3541|1354009a8f394c7aac138b8ffc0da424|218cd0cdcb674f54be95b5dda7408158|53ba664556c24ad2b8ec64bfe5ded724|0b264e6c4f5f485fbb4a6d155e19d20b
a03cfac8345a433f8708957dfcc008ad,617,1.0,1,340795,124.2233778379773,1,True,0.62469524,0.5582671,bf698497c4ce4d5683fc5947af7a706a,bf698497c4ce4d5683fc5947af7a706a|1354009a8f394c7aac138b8ffc0da424|218cd0cdcb674f54be95b5dda7408158|0b264e6c4f5f485fbb4a6d155e19d20b|c436257a9faf47c2bf040a7a43ef0461
2092f0eb7cd54016a593806ea4b61421,617,1.0,1,371721,116.93893731454006,1,True,0.5392891,0.45292854,bf698497c4ce4d5683fc5947af7a706a,bf698497c4ce4d5683fc5947af7a706a|1354009a8f394c7aac138b8ffc0da424|218cd0cdcb674f54be95b5dda7408158|0b264e6c4f5f485fbb4a6d155e19d20b|c436257a9faf47c2bf040a7a43ef0461
15da14bfc30f46749c668fdd827b51db,1492,0.5,2,306804,94.99460188933872,1,True,0.65609795,0.49721438,1d55fd18105e4b078e18be97715b4eb9,008d5ced1ac14476bb272b6ffb682932|1d55fd18105e4b078e18be97715b4eb9|d2306da1ee0e46928b9d78c0265ce3c3|984222e536884c30b502da9a72631177|74f84b1a200b4b24b3bc440f6f613b91
3e0448c0a69b4deaac16da520fdfe64b,1492,1.0,1,548464,84.2983205331921,1,True,0.5166738,0.42804015,1862572b923642e593fdbc54d07c75b5,1862572b923642e593fdbc54d07c75b5|008d5ced1ac14476bb272b6ffb682932|0115e7920895461aa56662639a207ee1|6c30bfc2917742918b35c7b62465bdbc|74f84b1a200b4b24b3bc440f6f613b91
28fb9852c0334c418fe52b5c48dd1cc7,1492,1.0,1,305670,107.23138073549258,1,True,0.6473873,0.5595553,1d55fd18105e4b078e18be97715b4eb9,1d55fd18105e4b078e18be97715b4eb9|008d5ced1ac14476bb272b6ffb682932|d2306da1ee0e46928b9d78c0265ce3c3|984222e536884c30b502da9a72631177|74f84b1a200b4b24b3bc440f6f613b91
f48870ba011a49cea2a2fb70b26cbb89,1492,1.0,1,574994,89.06488628818062,1,True,0.7188659,0.62036437,1862572b923642e593fdbc54d07c75b5,1862572b923642e593fdbc54d07c75b5|008d5ced1ac14476bb272b6ffb682932|d2306da1ee0e46928b9d78c0265ce3c3|984222e536884c30b502da9a72631177|74f84b1a200b4b24b3bc440f6f613b91
b6a149611a4f4687afcf1e88532a7b48,36,1.0,1,345934,36.4353744807892,1,True,0.75386643,0.38845944,5c9e8ee930664ac581c209994d6831d5,5c9e8ee930664ac581c209994d6831d5|41193ca607ff41c7b34e7385c0d0a267|c894938557ce45cc9dc51258f7eef9c6|b221dae7fb7a4bcfbecc9727bdffc2ba|18ffcda7895247f688ad16791072c368
d7008ea403194e05af94fe143e552be7,36,1.0,1,195408,51.824120848997495,1,True,0.6949965,0.3273664,f0d74cd078ce4e5c82538d2bc587fb47,f0d74cd078ce4e5c82538d2bc587fb47|41193ca607ff41c7b34e7385c0d0a267|c894938557ce45cc9dc51258f7eef9c6|ef158e53208b4687b48dced341014504|b221dae7fb7a4bcfbecc9727bdffc2ba
5daa2b70705741558ebef517e49bae32,36,1.0,1,341760,49.371500651041664,1,True,0.7806535,0.3831578,5c9e8ee930664ac581c209994d6831d5,5c9e8ee930664ac581c209994d6831d5|41193ca607ff41c7b34e7385c0d0a267|c894938557ce45cc9dc51258f7eef9c6|b221dae7fb7a4bcfbecc9727bdffc2ba|18ffcda7895247f688ad16791072c368
849339c91bec4b5f923fbf866b5e4bf5,36,1.0,1,193640,41.99716331845238,1,True,0.79082775,0.3938251,f0d74cd078ce4e5c82538d2bc587fb47,f0d74cd078ce4e5c82538d2bc587fb47|41193ca607ff41c7b34e7385c0d0a267|c894938557ce45cc9dc51258f7eef9c6|b221dae7fb7a4bcfbecc9727bdffc2ba|ef158e53208b4687b48dced341014504
4faf5ced1ad34be192e4de0042fa574a,541,1.0,1,125628,68.74734931703124,1,True,0.5300486,0.32314396,dfe624a02d954399be0816cf3540f7c9,dfe624a02d954399be0816cf3540f7c9|ea29948f88104555a34197a88f297279|417f99419c4745ae868a47dc7ec1bafb|5c6e6a339bb04c5ea939a670a60fd6d7|43bf5898a12243ca983edab1c68b07fb
fb38ea28fa684b4293056ee6cbf0cbc2,541,1.0,1,128522,91.62858498934034,1,True,0.5893937,0.35894853,dfe624a02d954399be0816cf3540f7c9,dfe624a02d954399be0816cf3540f7c9|ea29948f88104555a34197a88f297279|417f99419c4745ae868a47dc7ec1bafb|5c6e6a339bb04c5ea939a670a60fd6d7|9bed6ea3b45a4dec96238ab04b073888
0d1dd7abe90c4bd79a98713cc7b15350,541,1.0,1,560505,54.47245065789474,1,True,0.56393707,0.39049256,7cfb742d0faa4c408a28d6df7e4b6948,7cfb742d0faa4c408a28d6df7e4b6948|d8db2b13b3d4457197e4afccb9e87859|417f99419c4745ae868a47dc7ec1bafb|ea29948f88104555a34197a88f297279|e90c4afb96aa49d9becc8f43103c96c7
ce06541eb39d4d22b23ca2f707169e39,541,1.0,1,557898,40.504126320422536,1,True,0.5450208,0.41258633,7cfb742d0faa4c408a28d6df7e4b6948,7cfb742d0faa4c408a28d6df7e4b6948|d8db2b13b3d4457197e4afccb9e87859|33ac91433cc54075b21a66c8fbe99004|ea29948f88104555a34197a88f297279|e90c4afb96aa49d9becc8f43103c96c7
7b58250693e3421e8762c07385a21026,177,1.0,1,267890,89.73272405660377,1,True,0.41497755,0.33312365,cf148b0b408842dda594e6ee5a46a9fd,cf148b0b408842dda594e6ee5a46a9fd|3c780ad3dead4ff1a7dffaef048f5c27|dc79a91c8e234d62b44ffefca966ee74|1624cb91f1934980873eab694467068e|819344de619747bfb67263062d253cbb
383897e56b23423dbec8a61dfa9f789b,177,1.0,1,272780,126.21119092561521,1,True,0.43096653,0.34619844,534dabd7846e41f08ba755c5ed3fa1b5,534dabd7846e41f08ba755c5ed3fa1b5|319d53a33b244051ae4b09e3c39463ea|8147ea1a93364a48901d7dc639aff1a1|2e53d49a71e14818819f9ef0cca1e33a|f9e088ead6a546959515c3f5da9789a7
5faef711a85244aca731a0071f300fa0,177,1.0,1,264264,87.26375234082397,1,True,0.40942943,0.31883323,cf148b0b408842dda594e6ee5a46a9fd,cf148b0b408842dda594e6ee5a46a9fd|dc79a91c8e234d62b44ffefca966ee74|3c780ad3dead4ff1a7dffaef048f5c27|1624cb91f1934980873eab694467068e|38b485f9529e42acb5e6e5f8dd5e86a3
c8bd9482c2174468930b5ee869b7e57a,177,1.0,1,272187,127.64710472783389,1,True,0.42144573,0.30322564,534dabd7846e41f08ba755c5ed3fa1b5,534dabd7846e41f08ba755c5ed3fa1b5|319d53a33b244051ae4b09e3c39463ea|8147ea1a93364a48901d7dc639aff1a1|2e53d49a71e14818819f9ef0cca1e33a|f9e088ead6a546959515c3f5da9789a7
867f6e2dd68c43cc843adc243ade5195,393,0.8055555555555555,1,633573,113.85829435941044,3,True,0.747099,0.7316711,67930fdb525b4684afd00a0cbebeef61,67930fdb525b4684afd00a0cbebeef61|68c16be76a214e5a8ae4e56b67f1a2ea|fb4ca1a32cca47ebb2242887c600783b|bd0d9c44133240bc8552dc86c02da6b2|e18f39c7c4df4812891ba4f07c24e48c
33f7facd60b34f569c1dba538362679a,393,0.7555555555555555,1,198396,72.47001781798245,3,True,0.69490397,0.63973117,edb9a7d4b2c24ba89b392972f90a462c,edb9a7d4b2c24ba89b392972f90a462c|68c16be76a214e5a8ae4e56b67f1a2ea|fb4ca1a32cca47ebb2242887c600783b|e18f39c7c4df4812891ba4f07c24e48c|bd0d9c44133240bc8552dc86c02da6b2
4c0076d780d24363b1cd8c63ac32c8ac,393,0.9166666666666666,1,198897,85.20766515899123,3,True,0.7676202,0.6419723,edb9a7d4b2c24ba89b392972f90a462c,edb9a7d4b2c24ba89b392972f90a462c|fb4ca1a32cca47ebb2242887c600783b|68c16be76a214e5a8ae4e56b67f1a2ea|bd0d9c44133240bc8552dc86c02da6b2|e18f39c7c4df4812891ba4f07c24e48c
80f9db08a53442278c028fbf345f7381,393,0.5888888888888889,2,444854,25.077068661971833,3,True,0.64727294,0.66412604,67930fdb525b4684afd00a0cbebeef61,68c16be76a214e5a8ae4e56b67f1a2ea|67930fdb525b4684afd00a0cbebeef61|edb9a7d4b2c24ba89b392972f90a462c|e18f39c7c4df4812891ba4f07c24e48c|bd0d9c44133240bc8552dc86c02da6b2
d176665078904f0daee58083f0cca212,669,1.0,1,325404,96.59957714521452,4,True,0.66239005,0.45264614,267165bb3ce9402c974d4582c67cca2e,267165bb3ce9402c974d4582c67cca2e|344a17a7c02948fb9a1e7f75553f324d|21ea4c6d1718422b864c878225333614|ebb42f2827a847af9e331c0c523c2509|831e27a1b7bb4758b655b2e292ac91fc
4d0ee1e00f6741fbbaa430736836aca6,669,1.0,1,265629,95.35110599269588,4,True,0.7116135,0.4733296,21ea4c6d1718422b864c878225333614,21ea4c6d1718422b864c878225333614|e93d55f4704a4361ae52db4e778b7f4d|ebb42f2827a847af9e331c0c523c2509|344a17a7c02948fb9a1e7f75553f324d|b967a2746db94a47b8ad39c00311145e
c06c8dd0a0464cbc9686ca3ddce50732,669,0.6791666666666667,2,324852,84.19880191144114,4,True,0.5390407,0.5936982,267165bb3ce9402c974d4582c67cca2e,242ecdbe127a4ba79a318c333de8bd44|267165bb3ce9402c974d4582c67cca2e|21ea4c6d1718422b864c878225333614|e93d55f4704a4361ae52db4e778b7f4d|ebb42f2827a847af9e331c0c523c2509
f0d1175094634dc2822623f00321102b,1535,1.0,1,355092,49.628229540023895,1,True,0.57473314,0.4367523,52eaf996c73445fcafbfa0a954ca7f2b,52eaf996c73445fcafbfa0a954ca7f2b|a98f899bae1b4eaba6b3c11bacd5b3df|c7a49dbc1ba84fee8abf7e85daff429e|dc9dda3b6c41409eab99f3e41dd8cde8|517f68f65f7642dcb9cc48ffdbc501fb
76afe11fb8a1496d882b1cac2053478c,1535,1.0,1,231357,59.770108814523184,1,True,0.50839853,0.3470539,c17f3a980ce64e2ca63f77f98ce18343,c17f3a980ce64e2ca63f77f98ce18343|dc9dda3b6c41409eab99f3e41dd8cde8|c7a49dbc1ba84fee8abf7e85daff429e|a98f899bae1b4eaba6b3c11bacd5b3df|ff7c503e9b4f43819f4d712a2da0a078
b6ce0a9e3d95442fbffc557e95f582e4,1535,1.0,1,232806,56.51958224543081,1,True,0.5447022,0.40201616,c17f3a980ce64e2ca63f77f98ce18343,c17f3a980ce64e2ca63f77f98ce18343|dc9dda3b6c41409eab99f3e41dd8cde8|c7a49dbc1ba84fee8abf7e85daff429e|a98f899bae1b4eaba6b3c11bacd5b3df|ff7c503e9b4f43819f4d712a2da0a078
92c9579956da4be89732b7fab2541619,136,1.0,1,405405,38.5737606095679,2,True,0.5474544,0.33872968,9a45b92df7b841e8b9b5deef2f6eb2e3,9a45b92df7b841e8b9b5deef2f6eb2e3|aa442d593f20489f9e53b680ae7b2e89|b5573b58b63a473f91b24e6a0f7e10eb|a899a311333c48de8bad891dd4be1c06|426564a9e2234872bd008daae895d248
c7a763f526454b8c8cc1f2c487fa2301,136,1.0,1,592752,116.217756043257,2,True,0.6114884,0.35810703,aa442d593f20489f9e53b680ae7b2e89,aa442d593f20489f9e53b680ae7b2e89|1ed0a794a95749dab052d5ac4b432a6f|b5573b58b63a473f91b24e6a0f7e10eb|edb9a7d4b2c24ba89b392972f90a462c|426564a9e2234872bd008daae895d248
0bb1f23e3f1c4d61925d4ec546969dda,136,1.0,1,391560,100.74458080296895,2,True,0.6851741,0.37603965,9a45b92df7b841e8b9b5deef2f6eb2e3,9a45b92df7b841e8b9b5deef2f6eb2e3|1ed0a794a95749dab052d5ac4b432a6f|426564a9e2234872bd008daae895d248|b5573b58b63a473f91b24e6a0f7e10eb|6b2aa378d6074e82ab35cd6c1e7148ab
e9bb8eea208a46b4b859e0055ee17592,136,1.0,1,722742,115.01297593390805,2,True,0.57375026,0.28281787,1ed0a794a95749dab052d5ac4b432a6f,aa442d593f20489f9e53b680ae7b2e89|1ed0a794a95749dab052d5ac4b432a6f|b5573b58b63a473f91b24e6a0f7e10eb|426564a9e2234872bd008daae895d248|46437c2118c0411e9ec04bd4d9e21a2a
3b78e7ee0e3746678fe0d4c74c5f094b,136,1.0,1,520008,85.64811613475177,2,True,0.6767341,0.4533887,9a45b92df7b841e8b9b5deef2f6eb2e3,9a45b92df7b841e8b9b5deef2f6eb2e3|1ed0a794a95749dab052d5ac4b432a6f|426564a9e2234872bd008daae895d248|b5573b58b63a473f91b24e6a0f7e10eb|46437c2118c0411e9ec04bd4d9e21a2a
e72226212db84716aeea0f73e268cb2e,164,1.0,1,588608,97.58896433246073,1,True,0.28464812,0.2604872,384151a9dbcb445fa4edd5f3f54c7e6e,384151a9dbcb445fa4edd5f3f54c7e6e|b99cc167c5994804a0d05d12e5f26803|c197df735e2c4002988bc497af277bca|8e5b87e314f149838a653595ee85ca15|1d499a5f71f44464bf28495831ab0a1f
b2d1ef3c1af44d3184e17d4ebcf50fa0,164,1.0,1,587520,95.63418957242583,1,True,0.2815767,0.27508643,384151a9dbcb445fa4edd5f3f54c7e6e,384151a9dbcb445fa4edd5f3f54c7e6e|b99cc167c5994804a0d05d12e5f26803|6fc4448428ff4f9fb4a057ef93e0042b|1d499a5f71f44464bf28495831ab0a1f|c197df735e2c4002988bc497af277bca
af0aca07c6b44eb0b4ea847b11cb227f,164,1.0,1,176800,133.78246228448276,1,True,0.3670375,0.25206727,fc57db4642fc4a56bc0d2b0493b96948,fc57db4642fc4a56bc0d2b0493b96948|5e553240676d4d238c48ded9ba3ff19c|c197df735e2c4002988bc497af277bca|76175e4b08ea40f996dcba9eccd50dcf|b01f70abda4e4ce4a162a83e4a7d0995
c1368747eb884a3e8e289d40d402e0a5,164,1.0,1,184800,137.8915829359673,1,True,0.2993927,0.17090997,fc57db4642fc4a56bc0d2b0493b96948,fc57db4642fc4a56bc0d2b0493b96948|76175e4b08ea40f996dcba9eccd50dcf|c197df735e2c4002988bc497af277bca|b01f70abda4e4ce4a162a83e4a7d0995|6fc4448428ff4f9fb4a057ef93e0042b
d56d8bb9c98d4edc90d57307e6b7ff81,865,1.0,1,144744,77.15144799054373,1,True,0.68188906,0.3323129,f288915ac1464b388c8ea906b30a5575,f288915ac1464b388c8ea906b30a5575|32b93891df7f412fa9f081eb11c3323a|e686d0200ce043119d30bfc0e068611c|fe0a10aad6d24b36bc414771e14864d1|74fa32c884b94fe9b57f7d00728ceb12
6853753da1bb479885f60dd8a7b4a7bc,865,1.0,1,544500,77.8478213028169,1,True,0.7126518,0.3925362,34fd46686e01427f86e0f4b6a6ee74f7,34fd46686e01427f86e0f4b6a6ee74f7|32b93891df7f412fa9f081eb11c3323a|e686d0200ce043119d30bfc0e068611c|fe0a10aad6d24b36bc414771e14864d1|74fa32c884b94fe9b57f7d00728ceb12
70776ff2bec74a738ebd3c6a6a57fc19,1232,0.8333333333333334,1,588112,48.40820115810675,3,True,0.69234806,0.32969677,578d26addc834e26a420febf946cfd0a,578d26addc834e26a420febf946cfd0a|7180d0a8b5b443dfb7a40722fd9bb594|ccdc534c69474aa78f79c5933fbfd6f2|25f0002a7c044a348085dd82be8261e4|90661f059276455283c7a8c0902d3733
202175512edf45fd80b6ae4d188ea90f,1232,1.0,1,260952,40.329501651982376,3,True,0.55952203,0.27118742,578d26addc834e26a420febf946cfd0a,578d26addc834e26a420febf946cfd0a|7180d0a8b5b443dfb7a40722fd9bb594|e1463a645bb94c088f67d356409a234b|ccdc534c69474aa78f79c5933fbfd6f2|90661f059276455283c7a8c0902d3733
160a94590a1c4edb8849ef31c0904ab6,1232,1.0,1,299520,75.23011222718254,3,True,0.47729376,0.21517107,275b60651ca54877ab956721ce176095,7180d0a8b5b443dfb7a40722fd9bb594|275b60651ca54877ab956721ce176095|e1463a645bb94c088f67d356409a234b|ccdc534c69474aa78f79c5933fbfd6f2|90661f059276455283c7a8c0902d3733
5443865787604baebf63b8b7e48e6285,1232,1.0,1,432180,36.47271157932011,3,True,0.30587226,0.23791954,275b60651ca54877ab956721ce176095,275b60651ca54877ab956721ce176095|578d26addc834e26a420febf946cfd0a|7180d0a8b5b443dfb7a40722fd9bb594|b455e18376a74a1cbdda2063d3473d29|ccdc534c69474aa78f79c5933fbfd6f2
e87debb98cff4db8969548a9471048fd,835,1.0,1,498078,105.20763578869048,4,True,0.6682082,0.20883356,b8ede6493d4d4d899e97a2564fc118cd,b8ede6493d4d4d899e97a2564fc118cd|d437ae7a950b4914904cbb0825e12050|6eefe7a96c4d4beb923676b334c60fc7|14a1e044792444549512c512637149b6|3bfa85fb1d6048b598b77828716da683
bbe3162d9cd0423d9adb179c3b236d40,835,0.95,1,887844,112.02594948377582,4,True,0.4049402,0.33078995,d437ae7a950b4914904cbb0825e12050,d437ae7a950b4914904cbb0825e12050|6ceb98dc906445b4a984627a8181425d|b8ede6493d4d4d899e97a2564fc118cd|f321bd0faa0f4ae198e16052629f1829|14a1e044792444549512c512637149b6
8dddad6c089f481292a317bd9024fe09,835,0.95,1,279456,114.07781218718719,4,True,0.50219476,0.36847323,6eefe7a96c4d4beb923676b334c60fc7,6eefe7a96c4d4beb923676b334c60fc7|b8ede6493d4d4d899e97a2564fc118cd|6ceb98dc906445b4a984627a8181425d|f321bd0faa0f4ae198e16052629f1829|14a1e044792444549512c512637149b6
b9a878d27cc24f26b946908878c57a24,1401,0.22619047619047616,6,744807,60.13457133507853,2,True,0.35637635,0.43185127,e7b5a88fa3104ae2af731e24812f1567,36f1277380504352a6ca67241629f6a2|163b2f69d37245eab032365a1594f2e8|16faeeae4ac146b38c69be4bb797716f|1284d8c4d64d4cf6b792b562c6ecaef4|3ed52f12f44a43bba8f61bf750b213c4
fec7f4586df546ab830e5d639e1b3e66,1401,0.1,5,249936,123.2345710125448,2,True,0.36492258,0.39396128,1878b774e33140b49cc521336eb70eeb,163b2f69d37245eab032365a1594f2e8|cf5ecb3437024bad8dbe8b3fd0a6d875|deebc808e91c4b8ca613de78eed1e420|b7f109546f3e447fb87515f35d202127|1878b774e33140b49cc521336eb70eeb
506693f0873a47239500b9a1fc0224b1,1401,0.29166666666666663,3,244420,116.11390398550725,2,True,0.41396138,0.35248554,1878b774e33140b49cc521336eb70eeb,163b2f69d37245eab032365a1594f2e8|cf5ecb3437024bad8dbe8b3fd0a6d875|1878b774e33140b49cc521336eb70eeb|16faeeae4ac146b38c69be4bb797716f|b7f109546f3e447fb87515f35d202127
bdb2c91add594cfe9ba838254d7bd418,1401,0.225,5,376740,58.16552871148459,2,True,0.46689096,0.62365735,e7b5a88fa3104ae2af731e24812f1567,16faeeae4ac146b38c69be4bb797716f|1284d8c4d64d4cf6b792b562c6ecaef4|3ed52f12f44a43bba8f61bf750b213c4|36f1277380504352a6ca67241629f6a2|bf7cb62c8fee4bfe99d5953065140300
6cd5edb359a84be3b69a15bd14e1a4bf,1401,0.08333333333333333,6,172608,60.39187383828996,2,True,0.48283112,0.3189507,1878b774e33140b49cc521336eb70eeb,2c532fd800dc4fcf96651c0ce0cc07ed|bf6461076aea41bdaa1306e14ed7a8dd|de71dc0548c84058a6a1ba4b3138a31b|0b18f806cde7476eb5930175aaa23579|cf5ecb3437024bad8dbe8b3fd0a6d875
e134fb727ed54d978e6c62a62f1cad87,1175,0.25,4,265167,110.86123181706114,1,True,0.29361162,0.22229204,9cf589fd83cd444d9e124512d09383be,1624cb91f1934980873eab694467068e|dc79a91c8e234d62b44ffefca966ee74|5e553240676d4d238c48ded9ba3ff19c|9cf589fd83cd444d9e124512d09383be|1d499a5f71f44464bf28495831ab0a1f
1d9df62253514875936cd956decf2a27,1175,0.0,99,338952,88.07435912329616,1,True,0.2934733,0.36624685,25f0002a7c044a348085dd82be8261e4,1d499a5f71f44464bf28495831ab0a1f|84de49e45f00440dabe4132fc50c08b8|553cf78505c6462a840c70001fb14edd|56fd841efa844197a614a70b3784b7ae|4b88cfa27d344f0f97f6b45e717781aa
641f3b88a9794cd597abaf01a7af1c80,1175,0.25,4,264201,121.8948807767945,1,True,0.26996624,0.25367963,9cf589fd83cd444d9e124512d09383be,dc79a91c8e234d62b44ffefca966ee74|1624cb91f1934980873eab694467068e|b221dae7fb7a4bcfbecc9727bdffc2ba|9cf589fd83cd444d9e124512d09383be|b01f70abda4e4ce4a162a83e4a7d0995
e2b628c8187a46009bd2c91bf1617bba,1175,0.1111111111111111,9,342510,88.9569489622057,1,True,0.2544539,0.3885681,25f0002a7c044a348085dd82be8261e4,1d499a5f71f44464bf28495831ab0a1f|84de49e45f00440dabe4132fc50c08b8|553cf78505c6462a840c70001fb14edd|cd6712e74b7f4341ac9c85c405cdcf9d|56fd841efa844197a614a70b3784b7ae
2af1f537ba904a66ad456517ec3cc192,472,1.0,1,368060,58.369485294117645,1,True,0.44589907,0.3923675,38b485f9529e42acb5e6e5f8dd5e86a3,38b485f9529e42acb5e6e5f8dd5e86a3|1c3865a6b00a4507b6fac0131a1a818f|b5573b58b63a473f91b24e6a0f7e10eb|aa442d593f20489f9e53b680ae7b2e89|af87360529a74770ac3086cdadd6d459
d8cdeb56400f4724ac194535c7d632d2,472,1.0,1,112976,60.564650899306045,1,True,0.36232647,0.33677834,f571272966044cbfa9919a9473b1511e,f571272966044cbfa9919a9473b1511e|1c3865a6b00a4507b6fac0131a1a818f|b5573b58b63a473f91b24e6a0f7e10eb|aa442d593f20489f9e53b680ae7b2e89|af87360529a74770ac3086cdadd6d459
600725cc19aa47c8a0ed01cbcaf8508f,472,0.5,2,315228,70.69117052801724,1,True,0.35779122,0.44654822,f571272966044cbfa9919a9473b1511e,b5573b58b63a473f91b24e6a0f7e10eb|f571272966044cbfa9919a9473b1511e|1c3865a6b00a4507b6fac0131a1a818f|aa442d593f20489f9e53b680ae7b2e89|af87360529a74770ac3086cdadd6d459
f62b7a6faedc445180e097d32532074f,472,1.0,1,365454,61.514300847457626,1,True,0.4245624,0.42460695,38b485f9529e42acb5e6e5f8dd5e86a3,38b485f9529e42acb5e6e5f8dd5e86a3|b5573b58b63a473f91b24e6a0f7e10eb|1c3865a6b00a4507b6fac0131a1a818f|aa442d593f20489f9e53b680ae7b2e89|9a45b92df7b841e8b9b5deef2f6eb2e3
5224bba2511d489a99c1a9ff52e9dc88,342,1.0,1,360774,123.38274274553571,1,True,0.5547006,0.18259546,bc7ad0595d084131991f885266aafd49,bc7ad0595d084131991f885266aafd49|17c41f0277cf40a2946e68246b8b8512|54506d5acebf4174b6d6702a39374f12|de0ef0c5e9bf438d807932ca29fec8d6|76b516d366894d17879058950f835f5b
0519040a63384f9a97d0e801065e5135,342,1.0,1,359856,117.68774305555556,1,True,0.59625995,0.19104195,bc7ad0595d084131991f885266aafd49,bc7ad0595d084131991f885266aafd49|17c41f0277cf40a2946e68246b8b8512|61699d23e8194521ba372cd9d61fe577|54506d5acebf4174b6d6702a39374f12|de0ef0c5e9bf438d807932ca29fec8d6
507ddc65267a418fb0901a34d8bd49c9,342,1.0,1,331397,130.2487567204301,1,True,0.629878,0.21901116,d82db0f42ca84098901d08a17a077690,d82db0f42ca84098901d08a17a077690|17c41f0277cf40a2946e68246b8b8512|34fd46686e01427f86e0f4b6a6ee74f7|43bf5898a12243ca983edab1c68b07fb|f288915ac1464b388c8ea906b30a5575
1d20073232454b9f9ae073de1ce3ed68,342,1.0,1,350987,115.06888491465864,1,True,0.6432924,0.19456002,d82db0f42ca84098901d08a17a077690,d82db0f42ca84098901d08a17a077690|17c41f0277cf40a2946e68246b8b8512|43bf5898a12243ca983edab1c68b07fb|a99125be5f9844ff879d418f325665e1|7cfb742d0faa4c408a28d6df7e4b6948
f368431f36ab443ebe920d0059219abb,208,0.4777777777777777,3,359805,124.93649513134058,3,True,0.35237983,0.4828767,2f8eb75ad722467b84ba20d5e4a5fbef,d39d1f38b5f740c6802a529814d77923|29aac2c6e4eb47fe99d4a5a26e1cdb87|2f8eb75ad722467b84ba20d5e4a5fbef|265b6257356c4a00b65203f528a8b979|2110cddae6a442dda993c55a12921e3b
ce9132cb595f431eb8e9525415a809d8,208,1.0,1,272330,160.6991472942073,3,True,0.44862682,0.39853883,265b6257356c4a00b65203f528a8b979,265b6257356c4a00b65203f528a8b979|2110cddae6a442dda993c55a12921e3b|c4debdb813de42488347a61fe9844099|61d260752f724f50b8ac73645d821c3a|1aa9d0185c7e47c88f8b55c69888488a
0e041e2b892a48208e289b60d7ff1321,208,0.8666666666666667,1,183876,91.10264035750252,3,True,0.5680028,0.30745345,265b6257356c4a00b65203f528a8b979,265b6257356c4a00b65203f528a8b979|2f8eb75ad722467b84ba20d5e4a5fbef|4a8d31a0408546078a25a63ae9e6683d|aa3e6673999146b9ae569c3a1a0d1827|c4debdb813de42488347a61fe9844099
bfe6cd98d3c84dc2988c8d39dbd4d835,208,0.9166666666666666,1,383325,141.64826465707964,3,True,0.5581915,0.40008616,2110cddae6a442dda993c55a12921e3b,2110cddae6a442dda993c55a12921e3b|2f8eb75ad722467b84ba20d5e4a5fbef|4a8d31a0408546078a25a63ae9e6683d|c4debdb813de42488347a61fe9844099|aa3e6673999146b9ae569c3a1a0d1827
a0d163c68ebd4e87804d0a4d23fab235,1277,0.225,5,414117,40.992817540322584,2,True,0.3964238,0.4232526,ea8602328edc4011b2e66d963681eee4,52f00a62345f4958949b739382687f91|2c33cc0e7f7c4e9ab6f41113da171e95|920cac75d9a341b194d616ddc262443f|467e768e888047cfb4bbb030d2aa81d4|ea8602328edc4011b2e66d963681eee4
d3c30e1903c3421d933e6265980b21a4,1277,0.375,2,496676,84.62067099567099,2,True,0.49076033,0.47111064,6cf87941d7ac4940868b6617ee88eee2,2dd9fc92eb8046649c37f8f6c462fa6c|6cf87941d7ac4940868b6617ee88eee2|1defaf2d048d46ce9dfdc3beb7ece76d|43eebd3566f54b2083a6cc64d6177202|856a3fa4b1de48aca952bf70db8b03fb
ddb45f48b6094c18aa7b5b2aaa91fbf1,1277,0.3611111111111111,2,396808,102.11354573567708,2,True,0.49596593,0.43475997,ea8602328edc4011b2e66d963681eee4,1defaf2d048d46ce9dfdc3beb7ece76d|ea8602328edc4011b2e66d963681eee4|2dd9fc92eb8046649c37f8f6c462fa6c|a7050c1ef361424f8e70c84a1b03f9af|43eebd3566f54b2083a6cc64d6177202
2f908bbef3cf4c619de138a8d78c70dc,1277,0.5,2,427042,101.62687717013888,2,True,0.48462367,0.44936866,ea8602328edc4011b2e66d963681eee4,1defaf2d048d46ce9dfdc3beb7ece76d|ea8602328edc4011b2e66d963681eee4|2dd9fc92eb8046649c37f8f6c462fa6c|99e28c0051424e6daa44834b0ecac4ab|2c33cc0e7f7c4e9ab6f41113da171e95
0c38efa925b54e92abdf98684da65c14,1277,0.25,2,443170,89.23824332524272,2,True,0.51654094,0.42581755,6cf87941d7ac4940868b6617ee88eee2,2dd9fc92eb8046649c37f8f6c462fa6c|6cf87941d7ac4940868b6617ee88eee2|1defaf2d048d46ce9dfdc3beb7ece76d|43eebd3566f54b2083a6cc64d6177202|856a3fa4b1de48aca952bf70db8b03fb
5a60db9a25014044b4098eb845d1ff1a,1327,1.0,1,284012,98.71565092383108,3,True,0.4308756,0.24392036,16cd34cfd265468cbe5a332e7469142b,16cd34cfd265468cbe5a332e7469142b|5a8289d798b04f6dbab172bbed27994e|79d38429075f421eada9a42f0a1d2604|152332ff9bf14bdc82a573097f331abb|aeea3a385c8a4186a0bba296d4b42db9
3838a4597f0f4b2cb19ac45441df1e07,1327,1.0,1,184575,75.40867163161994,3,True,0.4871781,0.25738332,5a8289d798b04f6dbab172bbed27994e,5a8289d798b04f6dbab172bbed27994e|af87360529a74770ac3086cdadd6d459|79d38429075f421eada9a42f0a1d2604|152332ff9bf14bdc82a573097f331abb|952f8d0e39c44fdb97b2e3998fd2b26a
13ae57a9590b4a95942d9f18e9891f95,1327,0.6388888888888888,2,220594,95.68930844907408,3,True,0.43676853,0.3071843,79d38429075f421eada9a42f0a1d2604,152332ff9bf14bdc82a573097f331abb|79d38429075f421eada9a42f0a1d2604|16cd34cfd265468cbe5a332e7469142b|af87360529a74770ac3086cdadd6d459|aeea3a385c8a4186a0bba296d4b42db9
5d6c935dba684be2ac5d9ba77e43e2ed,1513,1.0,1,260022,122.97764542079207,1,True,0.5311775,0.3501979,92d74f2d96a34166ac2cf22a68d97793,92d74f2d96a34166ac2cf22a68d97793|fb36c070d9544be084b5ad04a5c90df8|a0c40885c1a84e129bfb1734e30ffab0|34360b4dd3d645e484e4895ef6cfa1fa|91412fc3fafc45068d9dae64ae31258c
80635ec416ec47269a3cd4726e53034c,1513,1.0,1,238402,89.06647263071895,1,True,0.35218894,0.24772358,68d65a559e9c40868445acd88ea1deaf,68d65a559e9c40868445acd88ea1deaf|a0c40885c1a84e129bfb1734e30ffab0|34360b4dd3d645e484e4895ef6cfa1fa|0d23578662464642a14d0a673e1be39a|5c6e6a339bb04c5ea939a670a60fd6d7
7a450c66d40c425aac9c3c46ba01ffbb,1513,0.0,99,278385,107.09474126344087,1,True,0.19942775,0.24971217,68d65a559e9c40868445acd88ea1deaf,408ba04855544593b8173e1de23d372a|d184e59659bc4d11a5328394cfa5d64c|f68901df3a2446aab4ad1535d9857794|db3d3aba1d764c598a19211855ba65eb|6c64bb7bfb4541589ecaf4b0d29db58f
d936647330794abea674bdeb2787c357,1513,1.0,1,271440,123.39832650273225,1,True,0.46128342,0.26839274,92d74f2d96a34166ac2cf22a68d97793,92d74f2d96a34166ac2cf22a68d97793|fb36c070d9544be084b5ad04a5c90df8|a0c40885c1a84e129bfb1734e30ffab0|34360b4dd3d645e484e4895ef6cfa1fa|91412fc3fafc45068d9dae64ae31258c
c0befe8ade8d4577999c1c116e95d87d,1122,1.0,1,140535,61.344327824214794,2,True,0.66961193,0.516456,89dfb17d7aeb4b549835a75fa7ad0747,89dfb17d7aeb4b549835a75fa7ad0747|a1d81a64d7f0418b88bdeb0760daae0c|fbb5ad5f6f204ef5a15c7a0584d32c67|7a72dce4598e4f33b3987b61764f7fcb|496d8bd8415d43c3a217b265706e8329
cf400afaa5734f9986eebb00ad6a7c16,1122,0.8333333333333333,1,354016,128.30249833997345,2,True,0.5537577,0.48265064,89dfb17d7aeb4b549835a75fa7ad0747,89dfb17d7aeb4b549835a75fa7ad0747|fbb5ad5f6f204ef5a15c7a0584d32c67|d37b6f95ee0748c5baf881b888668921|7a72dce4598e4f33b3987b61764f7fcb|496d8bd8415d43c3a217b265706e8329
060d1dd7dba6403088f67fadb8c4cf44,1122,0.8333333333333333,1,142208,60.55171019900497,2,True,0.6820104,0.54870576,89dfb17d7aeb4b549835a75fa7ad0747,89dfb17d7aeb4b549835a75fa7ad0747|fbb5ad5f6f204ef5a15c7a0584d32c67|a1d81a64d7f0418b88bdeb0760daae0c|7a72dce4598e4f33b3987b61764f7fcb|496d8bd8415d43c3a217b265706e8329
3ac7d38cc0c84ff6a82b2425f9f796f6,1122,0.8333333333333333,1,353280,130.17185416666666,2,True,0.5404368,0.4677771,89dfb17d7aeb4b549835a75fa7ad0747,89dfb17d7aeb4b549835a75fa7ad0747|fbb5ad5f6f204ef5a15c7a0584d32c67|d37b6f95ee0748c5baf881b888668921|7a72dce4598e4f33b3987b61764f7fcb|496d8bd8415d43c3a217b265706e8329
fe5fbf83b3ca4ca987eb41dee78052ee,1015,0.5,2,271542,134.8074530516432,1,True,0.53810763,0.47066194,bfc4d31c510b4348807ddc4c96f96593,417f99419c4745ae868a47dc7ec1bafb|bfc4d31c510b4348807ddc4c96f96593|ea29948f88104555a34197a88f297279|5b7206e44ba146339f78e7b18ad8717a|5c6e6a339bb04c5ea939a670a60fd6d7
501876df7ac94a31b49078596f69678c,1015,0.5,2,265500,141.79455858655618,1,True,0.42306355,0.4032817,bfc4d31c510b4348807ddc4c96f96593,417f99419c4745ae868a47dc7ec1bafb|bfc4d31c510b4348807ddc4c96f96593|ea29948f88104555a34197a88f297279|40d4834250d444099bd0b91a139b5841|801378899195445cac663804bf6f664e
1063bb0df5794c8f8e774c6f8c5f35ac,1015,1.0,1,247995,87.34602435136324,1,True,0.6345773,0.3424645,9bed6ea3b45a4dec96238ab04b073888,9bed6ea3b45a4dec96238ab04b073888|417f99419c4745ae868a47dc7ec1bafb|ea29948f88104555a34197a88f297279|5b7206e44ba146339f78e7b18ad8717a|801378899195445cac663804bf6f664e
5db50abe6e0d4b439d74312bc3a379a0,1015,1.0,1,373488,99.8365608912484,1,True,0.5173251,0.4458354,9bed6ea3b45a4dec96238ab04b073888,9bed6ea3b45a4dec96238ab04b073888|ea29948f88104555a34197a88f297279|417f99419c4745ae868a47dc7ec1bafb|52f66a2b92cf44eea064eecd38e079b0|5b7206e44ba146339f78e7b18ad8717a
b2b1badbcf724eedb108095774c02365,1381,1.0,1,525090,120.22165349616859,4,True,0.4786719,0.3694332,f58f5243986b48c3bb7518935fdc76c2,f58f5243986b48c3bb7518935fdc76c2|37860d06901e45ad8c0345a019aff709|c162861bee6646e9aa94d5ae501c549f|67bae3d4670640628d6a35947b45b099|501d491d76e84f42b5ef8e2f1b915b34
059162c742504c679214bcd7f186afcb,1381,1.0,1,226296,131.53404452972708,4,True,0.47489563,0.3770836,1a1602caa4414156a1d0a41c3b4e4c3a,1a1602caa4414156a1d0a41c3b4e4c3a|37860d06901e45ad8c0345a019aff709|c162861bee6646e9aa94d5ae501c549f|67bae3d4670640628d6a35947b45b099|6fc028b7047f498dabe537215ad96820
7393b27904c54b48bd5bdfa04fd90b3a,1118,1.0,1,256003,141.6793199764785,2,True,0.6088138,0.18542781,3c780ad3dead4ff1a7dffaef048f5c27,3c780ad3dead4ff1a7dffaef048f5c27|05cd40d3848e46d4b5f520fc743be8dd|534dabd7846e41f08ba755c5ed3fa1b5|c1df5dce1fa946b68188af887a2244e0|24bde1a81d2a485c928b381c11b8e704
86a94e2d2c394e3096bbae6001197b35,1118,0.8333333333333333,1,275652,104.03445335545723,2,True,0.5977017,0.3092803,819344de619747bfb67263062d253cbb,819344de619747bfb67263062d253cbb|534dabd7846e41f08ba755c5ed3fa1b5|05cd40d3848e46d4b5f520fc743be8dd|0b25dd7aa6f04fcc9fa613704b5cb128|38b485f9529e42acb5e6e5f8dd5e86a3
b3dbadfaae0f4a0ea2543f5d04697201,1118,1.0,1,254635,138.9871405819559,2,True,0.61703384,0.20514207,3c780ad3dead4ff1a7dffaef048f5c27,3c780ad3dead4ff1a7dffaef048f5c27|05cd40d3848e46d4b5f520fc743be8dd|534dabd7846e41f08ba755c5ed3fa1b5|c1df5dce1fa946b68188af887a2244e0|59fdb0273ecd449ea0fa306f14fc28b3
04b753f14dad4631a0f5f0aa8374e422,1118,1.0,1,316936,105.37435408464567,2,True,0.5343709,0.18602863,819344de619747bfb67263062d253cbb,819344de619747bfb67263062d253cbb|3c780ad3dead4ff1a7dffaef048f5c27|b1f8016a14154795b748690ab650f8fd|3710c4ae599b4b908245fb626f0af3b3|64d14f52a6924c8c8f25bc7fa5185c77
7cacb0af3b49460f91e1436a3007ede7,1118,1.0,1,273883,108.67561342592593,2,True,0.6052164,0.31863034,819344de619747bfb67263062d253cbb,819344de619747bfb67263062d253cbb|05cd40d3848e46d4b5f520fc743be8dd|38b485f9529e42acb5e6e5f8dd5e86a3|24bde1a81d2a485c928b381c11b8e704|64d14f52a6924c8c8f25bc7fa5185c77
85c463978b894adf88a9d1497657f0ab,1114,1.0,1,343125,120.58543521266073,1,True,0.50365484,0.22400884,24854f6058d0495bb731f392cd390f66,24854f6058d0495bb731f392cd390f66|a94ad7748ece45ca84ed5604bcf5f596|e3cf16f7d01f4f70baef3970bba4a3a5|1892d5e41fdf4443a9a39cb06238906e|6a1d4be4bd514bd9aa329e9950045c41
e56af06883674546a2a7766e224a30bb,1114,1.0,1,297594,108.54235789609054,1,True,0.53149647,0.39979768,90eb0706e2124a2d89cd5c268f594c42,90eb0706e2124a2d89cd5c268f594c42|a94ad7748ece45ca84ed5604bcf5f596|2d20c60d3ca440eca63fe3d8c9ecc42a|eaf4d4942f014fea836ba445fbfb1c7e|ee04941de1104a6c94a2d07cf6657dce
24c14845b8424ad9b8d7eacaa10bdff7,1114,1.0,1,296682,103.93321830265849,1,True,0.5276777,0.41409123,90eb0706e2124a2d89cd5c268f594c42,90eb0706e2124a2d89cd5c268f594c42|a94ad7748ece45ca84ed5604bcf5f596|76b516d366894d17879058950f835f5b|eaf4d4942f014fea836ba445fbfb1c7e|54506d5acebf4174b6d6702a39374f12
f6bb35fad0e649b5a735232c74ebd633,1114,1.0,1,342500,130.55162741097922,1,True,0.51001316,0.28820634,24854f6058d0495bb731f392cd390f66,24854f6058d0495bb731f392cd390f66|a94ad7748ece45ca84ed5604bcf5f596|e3cf16f7d01f4f70baef3970bba4a3a5|1892d5e41fdf4443a9a39cb06238906e|2d20c60d3ca440eca63fe3d8c9ecc42a
e17a37145ecc4d0fa834cde0ff430269,308,1.0,1,465908,57.337746251743376,1,True,0.6745936,0.3640657,86ee6b4475ea4746a6bcc32e9e8f2544,86ee6b4475ea4746a6bcc32e9e8f2544|e14f135f36e040fa8e50ccbfea7a3c57|40d4834250d444099bd0b91a139b5841|422591f8e9da43c58dc8d535205cb5dc|edabdf95ab254809a0a0a3689270dbeb
d4544e6f21d94e5db9052be50de96c29,308,1.0,1,465248,46.18423655063291,1,True,0.6596445,0.3475478,86ee6b4475ea4746a6bcc32e9e8f2544,86ee6b4475ea4746a6bcc32e9e8f2544|e14f135f36e040fa8e50ccbfea7a3c57|40d4834250d444099bd0b91a139b5841|422591f8e9da43c58dc8d535205cb5dc|edabdf95ab254809a0a0a3689270dbeb
67442c0552704f92b536f1acd6ea3426,897,1.0,1,474810,92.889113490676,1,True,0.48224664,0.4585976,1bdb8e13cf634b7cad7852105c86d69d,1bdb8e13cf634b7cad7852105c86d69d|792c70ca36494e9f98826dc607cfc874|8fdfac30ce5a466592f14b41b7cde82a|6753429fea5f4148ab49a4204fedfd03|e51a66bd694044d48c82113fbaa71626
350d77f3519c4254a5439a549a967169,897,1.0,1,471510,109.95099686379929,1,True,0.58667165,0.5029959,8ae31f73c20749c4b70bf7d140eee3b0,8ae31f73c20749c4b70bf7d140eee3b0|792c70ca36494e9f98826dc607cfc874|6753429fea5f4148ab49a4204fedfd03|8fdfac30ce5a466592f14b41b7cde82a|500b7333dfd6475b9e2da65756392e88
26b9ac7e8f164bee89e24288701a0494,897,0.5,2,480546,107.72700576241135,1,True,0.57264435,0.5356421,8ae31f73c20749c4b70bf7d140eee3b0,792c70ca36494e9f98826dc607cfc874|8ae31f73c20749c4b70bf7d140eee3b0|6753429fea5f4148ab49a4204fedfd03|8fdfac30ce5a466592f14b41b7cde82a|500b7333dfd6475b9e2da65756392e88
987e6b074e62453d809dc5e73fbd7e08,1167,0.16666666666666666,3,211970,93.69082597373189,2,True,0.36708045,0.4401629,2d20c60d3ca440eca63fe3d8c9ecc42a,24854f6058d0495bb731f392cd390f66|6a1d4be4bd514bd9aa329e9950045c41|2d20c60d3ca440eca63fe3d8c9ecc42a|eaf4d4942f014fea836ba445fbfb1c7e|e3cf16f7d01f4f70baef3970bba4a3a5
02d9fef0075e46a3b11bd5b9938fca63,1167,0.0,99,363448,124.68174342105263,2,True,0.21606162,0.44106787,a94ad7748ece45ca84ed5604bcf5f596,bfc4d31c510b4348807ddc4c96f96593|9bed6ea3b45a4dec96238ab04b073888|417f99419c4745ae868a47dc7ec1bafb|c979f0fa874e4a5aa25608962bbe9e62|e58c4b75bd8244bb987d8f1c9f480bed
67819dcdec6d4a83938eb165bea02cd0,1167,0.16666666666666666,3,197152,108.01657494758909,2,True,0.39675006,0.40784198,a94ad7748ece45ca84ed5604bcf5f596,6a1d4be4bd514bd9aa329e9950045c41|eaf4d4942f014fea836ba445fbfb1c7e|a94ad7748ece45ca84ed5604bcf5f596|24854f6058d0495bb731f392cd390f66|ee04941de1104a6c94a2d07cf6657dce
363be58e596947019875ec7745203da1,1167,0.16666666666666666,3,212926,88.0532944108423,2,True,0.3925988,0.45023978,2d20c60d3ca440eca63fe3d8c9ecc42a,6a1d4be4bd514bd9aa329e9950045c41|24854f6058d0495bb731f392cd390f66|2d20c60d3ca440eca63fe3d8c9ecc42a|90eb0706e2124a2d89cd5c268f594c42|eaf4d4942f014fea836ba445fbfb1c7e
af3854cd7c9640ebb61b0d3edfe8a2eb,1357,1.0,1,429936,84.58334776084949,1,True,0.73351127,0.44045377,a048b44e26a54c02aea10b9099c8fd26,a048b44e26a54c02aea10b9099c8fd26|86ee6b4475ea4746a6bcc32e9e8f2544|a27924365be34608a104be9a434bab29|40d4834250d444099bd0b91a139b5841|44c452a6382a4423a9182b908e6e7df7
3fd6fdcb92f74e24bfd4c1c2990b5d73,1357,1.0,1,428349,108.14194542253522,1,True,0.75417507,0.43045518,edabdf95ab254809a0a0a3689270dbeb,edabdf95ab254809a0a0a3689270dbeb|86ee6b4475ea4746a6bcc32e9e8f2544|a27924365be34608a104be9a434bab29|40d4834250d444099bd0b91a139b5841|33ac91433cc54075b21a66c8fbe99004
823c428b7dba4db0aec3688936fb1249,1357,1.0,1,426510,82.51113883053222,1,True,0.75473547,0.4116882,a048b44e26a54c02aea10b9099c8fd26,a048b44e26a54c02aea10b9099c8fd26|86ee6b4475ea4746a6bcc32e9e8f2544|a27924365be34608a104be9a434bab29|40d4834250d444099bd0b91a139b5841|44c452a6382a4423a9182b908e6e7df7
50c574372f7647f4b96dd8555c0b694d,1357,1.0,1,904098,126.46054121376811,1,True,0.6725169,0.49246395,edabdf95ab254809a0a0a3689270dbeb,edabdf95ab254809a0a0a3689270dbeb|86ee6b4475ea4746a6bcc32e9e8f2544|a27924365be34608a104be9a434bab29|40d4834250d444099bd0b91a139b5841|c58b4e037340446389ba7fee6620bc37
1b7fc4c4c6654f179b619a27ce093f67,879,0.5,1,297850,124.93253251445087,2,True,0.42479393,0.42399368,684ac61449314f84b3e9ccf147f6b1bc,684ac61449314f84b3e9ccf147f6b1bc|e2a7145a17094ca8b32206f00e35cca3|c2059b8b82944b1b86e1a561cc92f558|385140e7679d427293393f7639a01826|2bae42c456274091896d9b9f7b2c52b8
6efdf99da86246e6bf15e63b8c8ccf0a,879,0.5,1,299860,117.92358826754386,2,True,0.4403664,0.46717337,684ac61449314f84b3e9ccf147f6b1bc,684ac61449314f84b3e9ccf147f6b1bc|e2a7145a17094ca8b32206f00e35cca3|385140e7679d427293393f7639a01826|c2059b8b82944b1b86e1a561cc92f558|2bae42c456274091896d9b9f7b2c52b8
57234dbd0e5d42c7a18fc68e851e18dc,879,0.7,1,436527,89.39000276548673,2,True,0.5030225,0.4263173,684ac61449314f84b3e9ccf147f6b1bc,684ac61449314f84b3e9ccf147f6b1bc|c2059b8b82944b1b86e1a561cc92f558|e2a7145a17094ca8b32206f00e35cca3|385140e7679d427293393f7639a01826|b549c71b5f7641f68e2c79332fe17834
4d4114ce60a341218220ae99db9c76cc,879,0.0625,8,161000,39.06812749714612,2,True,0.21852134,0.084172234,b1f8016a14154795b748690ab650f8fd,c2059b8b82944b1b86e1a561cc92f558|6e4f5f87a1fe4b55b0656a2630e9b9b4|d8d7b294c4bf45b28b61be878e5996d6|20150b1d4ab44bf7900be0821a256bc3|4b02c267cfd247f4a5ca2a61307ed2ac
0db3eb8d6add4594aacae9b7eb615d4e,226,0.5,2,367856,85.63096516927084,1,True,0.39756387,0.6054284,32b93891df7f412fa9f081eb11c3323a,74fa32c884b94fe9b57f7d00728ceb12|32b93891df7f412fa9f081eb11c3323a|fe0a10aad6d24b36bc414771e14864d1|34fd46686e01427f86e0f4b6a6ee74f7|f288915ac1464b388c8ea906b30a5575
c058349ed2c44c1882f638c657245e03,226,0.25,4,553480,127.76290899795501,1,True,0.40385157,0.50786,e686d0200ce043119d30bfc0e068611c,f288915ac1464b388c8ea906b30a5575|34fd46686e01427f86e0f4b6a6ee74f7|fe0a10aad6d24b36bc414771e14864d1|e686d0200ce043119d30bfc0e068611c|74fa32c884b94fe9b57f7d00728ceb12
8b8e05a339bf4071895fc5de4e097526,725,0.5833333333333333,2,699886,107.99996496636771,2,True,0.58138597,0.42440233,b967a2746db94a47b8ad39c00311145e,6f631152109349c58f2f3bfadb69a87c|b967a2746db94a47b8ad39c00311145e|deebc808e91c4b8ca613de78eed1e420|1284d8c4d64d4cf6b792b562c6ecaef4|163b2f69d37245eab032365a1594f2e8
20dba23b28a44041952a61a2f08095e9,725,0.8333333333333333,1,704160,104.76286368534483,2,True,0.634526,0.43491444,b967a2746db94a47b8ad39c00311145e,b967a2746db94a47b8ad39c00311145e|6f631152109349c58f2f3bfadb69a87c|deebc808e91c4b8ca613de78eed1e420|0b18f806cde7476eb5930175aaa23579|bf6461076aea41bdaa1306e14ed7a8dd
5607a372116549e7a9b2928fd7dd761a,725,0.5833333333333333,2,264992,102.34835657370517,2,True,0.5237963,0.47691765,831e27a1b7bb4758b655b2e292ac91fc,6f631152109349c58f2f3bfadb69a87c|831e27a1b7bb4758b655b2e292ac91fc|b967a2746db94a47b8ad39c00311145e|e1c0c9826bfd41f59c2ad6309e7c4fa0|b0d43e2fd63148929cf050bde5db6470
c57da080d4c14486a4ae486fb07d6e60,725,0.8333333333333333,1,484110,61.78393470790378,2,True,0.67592704,0.35093045,831e27a1b7bb4758b655b2e292ac91fc,831e27a1b7bb4758b655b2e292ac91fc|6f631152109349c58f2f3bfadb69a87c|deebc808e91c4b8ca613de78eed1e420|267165bb3ce9402c974d4582c67cca2e|1284d8c4d64d4cf6b792b562c6ecaef4
6af31bb65d704ecbab64daced0608403,725,0.75,1,465248,77.44373460591133,2,True,0.6429411,0.33240646,831e27a1b7bb4758b655b2e292ac91fc,831e27a1b7bb4758b655b2e292ac91fc|6f631152109349c58f2f3bfadb69a87c|74045bd0093a4586bf4a7a843c7a9c2d|deebc808e91c4b8ca613de78eed1e420|267165bb3ce9402c974d4582c67cca2e
4ffc13e61a2f423985e0cff42f92f105,42,1.0,1,367763,79.52375801282051,1,True,0.35843658,0.27517617,cd517b4a4fc34c8e8f89821e79247243,cd517b4a4fc34c8e8f89821e79247243|517f68f65f7642dcb9cc48ffdbc501fb|6fc4448428ff4f9fb4a057ef93e0042b|c624d1e2d34b4635bc9b0f5730bae694|6c64bb7bfb4541589ecaf4b0d29db58f
4e1112b34b4f4530a642412e7941496d,42,1.0,1,232500,127.84504639737992,1,True,0.44978672,0.20694666,f5aff930a69c4f7a9c6e259865ea7f28,f5aff930a69c4f7a9c6e259865ea7f28|517f68f65f7642dcb9cc48ffdbc501fb|6fc4448428ff4f9fb4a057ef93e0042b|6c64bb7bfb4541589ecaf4b0d29db58f|d8be0ac50753457486fe1432870f1acf
f890635d8d7c4f37b723c13a3db62ef6,42,1.0,1,197025,131.13879361449864,1,True,0.30564356,0.236945,f5aff930a69c4f7a9c6e259865ea7f28,f5aff930a69c4f7a9c6e259865ea7f28|a68633d690184f8c9604aee911601f28|92d74f2d96a34166ac2cf22a68d97793|68d65a559e9c40868445acd88ea1deaf|6c64bb7bfb4541589ecaf4b0d29db58f
2e0483b974c24a5cac374b3e2c6864dd,877,1.0,1,250580,139.1361468068536,4,True,0.5108957,0.38132197,fcb6057450fc4b069638328f7ebd5fe7,fcb6057450fc4b069638328f7ebd5fe7|f81246c10f8748c2a9657c21d883ddd0|3e984d26d9fb4beba80dfd475b63bd10|4a5b141c1f414f68bd5aa7b43c74ef10|7c1acdde921545d5837fa430f05e0c51
3243224b39be4e33a273426b06602fbf,877,0.8041666666666667,1,294255,89.52503156565656,4,True,0.48736355,0.45728534,4a5b141c1f414f68bd5aa7b43c74ef10,4a5b141c1f414f68bd5aa7b43c74ef10|7c1acdde921545d5837fa430f05e0c51|f81246c10f8748c2a9657c21d883ddd0|fcb6057450fc4b069638328f7ebd5fe7|edeac5260019462680d91fab862adfa9
314c1df83a5440d5bde1a31b3570587b,877,1.0,1,869235,130.04907332251082,4,True,0.50358576,0.33745533,edeac5260019462680d91fab862adfa9,edeac5260019462680d91fab862adfa9|f81246c10f8748c2a9657c21d883ddd0|4a5b141c1f414f68bd5aa7b43c74ef10|3e984d26d9fb4beba80dfd475b63bd10|7c1acdde921545d5837fa430f05e0c51
ab7dfdb360ee41a29b7f0c6dab14ac66,1464,1.0,1,197534,98.34353023909986,1,True,0.60685635,0.24002287,b17fd1bfdb3e41bea6bcce4499eb424d,b17fd1bfdb3e41bea6bcce4499eb424d|92d74f2d96a34166ac2cf22a68d97793|68d65a559e9c40868445acd88ea1deaf|34360b4dd3d645e484e4895ef6cfa1fa|91412fc3fafc45068d9dae64ae31258c
5d86e9c7adc449718d57c9c4f861e88e,1464,1.0,1,245502,125.88133550995025,1,True,0.6425797,0.36466306,0d23578662464642a14d0a673e1be39a,0d23578662464642a14d0a673e1be39a|e3cf16f7d01f4f70baef3970bba4a3a5|1892d5e41fdf4443a9a39cb06238906e|a94ad7748ece45ca84ed5604bcf5f596|800f03870dac489993d2e7d84827f52c
f73f463538964aea8fc6ead34c4a31db,1464,1.0,1,196272,101.38583421237693,1,True,0.63231313,0.2357308,b17fd1bfdb3e41bea6bcce4499eb424d,b17fd1bfdb3e41bea6bcce4499eb424d|92d74f2d96a34166ac2cf22a68d97793|68d65a559e9c40868445acd88ea1deaf|e3cf16f7d01f4f70baef3970bba4a3a5|91412fc3fafc45068d9dae64ae31258c
420b3ea39c7c4ed9942d26282b138832,1464,1.0,1,246510,120.47666938743781,1,True,0.60031784,0.32248023,0d23578662464642a14d0a673e1be39a,0d23578662464642a14d0a673e1be39a|e3cf16f7d01f4f70baef3970bba4a3a5|1892d5e41fdf4443a9a39cb06238906e|c979f0fa874e4a5aa25608962bbe9e62|800f03870dac489993d2e7d84827f52c
00fd07d04ef3441fa47961f52a59505f,1330,0.3333333333333333,3,436954,79.28909722222222,1,True,0.29362488,0.35877788,489cd2409ab241d3a241a5638ddee214,113b5d350d5e4d40b099be5884f5ffdf|856a3fa4b1de48aca952bf70db8b03fb|489cd2409ab241d3a241a5638ddee214|ea8602328edc4011b2e66d963681eee4|2dd9fc92eb8046649c37f8f6c462fa6c
68903bc2e5084cb1ba68e09e3203eb97,1330,0.3333333333333333,3,326864,128.93595011534026,1,True,0.41177255,0.5224615,43eebd3566f54b2083a6cc64d6177202,856a3fa4b1de48aca952bf70db8b03fb|113b5d350d5e4d40b099be5884f5ffdf|43eebd3566f54b2083a6cc64d6177202|920cac75d9a341b194d616ddc262443f|467e768e888047cfb4bbb030d2aa81d4
d81fb838bf134636970a283662ee74f2,1330,1.0,1,327186,122.29576532073311,1,True,0.38197935,0.47465044,43eebd3566f54b2083a6cc64d6177202,43eebd3566f54b2083a6cc64d6177202|856a3fa4b1de48aca952bf70db8b03fb|113b5d350d5e4d40b099be5884f5ffdf|52f00a62345f4958949b739382687f91|5ab52bb6a33e4c45a8e4b21060110a8d
57563a5399eb4ae28104ef0ef7723547,1330,0.3333333333333333,3,393820,108.67124954512373,1,True,0.17628951,0.23864383,489cd2409ab241d3a241a5638ddee214,856a3fa4b1de48aca952bf70db8b03fb|113b5d350d5e4d40b099be5884f5ffdf|489cd2409ab241d3a241a5638ddee214|2a353c6ae43b4b99a46da2451024beff|6cf87941d7ac4940868b6617ee88eee2
46583a7035e249cc9838abc3a6d5bfe8,443,1.0,1,273750,61.58576565143824,1,True,0.4805647,0.37234962,48d92e6c2ce947feb97575a01e167ae5,48d92e6c2ce947feb97575a01e167ae5|ecec80efbd9e42b9bb4c319d942a0dfe|6d63690a8bb344e89392ec1b1930906f|120c9a9cd413427dab54c65c16e491da|bde4256b5a86460ab21a63ff67d7f908
c98b04bfc514497ca011f2466c9eb08b,443,1.0,1,492820,74.49144610023725,1,True,0.5158096,0.36845592,96ccb70f01bc479bb1dd977d52ee53d2,96ccb70f01bc479bb1dd977d52ee53d2|b437ba41530a4b78b99c2a982bf6b8a2|6d63690a8bb344e89392ec1b1930906f|bde4256b5a86460ab21a63ff67d7f908|b4a2f796e5544551bef06ad196e87172
e8c34fbf97c044be9005717ba24d8469,443,1.0,1,492977,67.51321684587813,1,True,0.5184025,0.48328665,96ccb70f01bc479bb1dd977d52ee53d2,96ccb70f01bc479bb1dd977d52ee53d2|deebc808e91c4b8ca613de78eed1e420|b437ba41530a4b78b99c2a982bf6b8a2|6f631152109349c58f2f3bfadb69a87c|831e27a1b7bb4758b655b2e292ac91fc
b3d7dfb199da48dda9e60ca74994ecbe,1486,1.0,1,391275,81.43088610651215,1,True,0.2607764,0.37852937,78d557e45b2c4e008860c400b162d0d1,78d557e45b2c4e008860c400b162d0d1|52eca33b9d8a44b483910d3e777185b3|261aa5e36a2d49d1a5f8c027cd4dbbba|715d426f883e42409e42f5dfcf8fe259|46437c2118c0411e9ec04bd4d9e21a2a
bcb83c0988e74c0289990e9929eaf0e0,1486,1.0,1,370818,82.94725193943944,1,True,0.1271246,0.24129252,78d557e45b2c4e008860c400b162d0d1,78d557e45b2c4e008860c400b162d0d1|52eca33b9d8a44b483910d3e777185b3|cb05cb6476f745508fa414d46e0d62e1|261aa5e36a2d49d1a5f8c027cd4dbbba|aac8c5dbda5e4125b2a9453a56b20638
34f6c80235b14426aec6f73893e6eae0,435,1.0,1,384507,92.70607832867783,1,True,0.46060872,0.32462072,ccdc534c69474aa78f79c5933fbfd6f2,ccdc534c69474aa78f79c5933fbfd6f2|275b60651ca54877ab956721ce176095|578d26addc834e26a420febf946cfd0a|7180d0a8b5b443dfb7a40722fd9bb594|e1463a645bb94c088f67d356409a234b
f98ce828274941e3be51c8467ecae943,435,1.0,1,846855,95.51721698113208,1,True,0.5493227,0.2951623,90661f059276455283c7a8c0902d3733,90661f059276455283c7a8c0902d3733|275b60651ca54877ab956721ce176095|578d26addc834e26a420febf946cfd0a|84de49e45f00440dabe4132fc50c08b8|553cf78505c6462a840c70001fb14edd
4d6a72c5b9124aba867e2a62bbb9efb9,435,1.0,1,289110,82.78615656294707,1,True,0.6198282,0.3888121,ccdc534c69474aa78f79c5933fbfd6f2,ccdc534c69474aa78f79c5933fbfd6f2|275b60651ca54877ab956721ce176095|578d26addc834e26a420febf946cfd0a|7180d0a8b5b443dfb7a40722fd9bb594|e1463a645bb94c088f67d356409a234b
b6277349c90540d2acd5cbe337d330c5,435,1.0,1,847962,111.37662515664161,1,True,0.5656214,0.34098437,90661f059276455283c7a8c0902d3733,90661f059276455283c7a8c0902d3733|275b60651ca54877ab956721ce176095|84de49e45f00440dabe4132fc50c08b8|553cf78505c6462a840c70001fb14edd|578d26addc834e26a420febf946cfd0a
e67aa2f0a2de4121b70d3f760f0d1a21,118,1.0,1,365184,92.51750537249283,2,True,0.39652267,0.1500111,515e9f025c054515ad16e92d13bf9f93,515e9f025c054515ad16e92d13bf9f93|e293cba4b80340f0b78166602fc46e44|bf698497c4ce4d5683fc5947af7a706a|1df655160bce48ec96909eb1b2de560b|edabdf95ab254809a0a0a3689270dbeb
cec1d53900334c5c8ffa72d1ce258e43,118,1.0,1,304288,57.5395238988989,2,True,0.33409655,0.19193187,33ac91433cc54075b21a66c8fbe99004,e293cba4b80340f0b78166602fc46e44|33ac91433cc54075b21a66c8fbe99004|1df655160bce48ec96909eb1b2de560b|b0ed62b1e060407a8626082c4b12d3fd|a048b44e26a54c02aea10b9099c8fd26
30b28df284cb44449668d53972377f29,118,0.5833333333333333,2,410313,106.5041893115942,2,True,0.3925782,0.29309234,515e9f025c054515ad16e92d13bf9f93,1df655160bce48ec96909eb1b2de560b|515e9f025c054515ad16e92d13bf9f93|33ac91433cc54075b21a66c8fbe99004|25fe4ed7ba5b433b9ae84795ea909729|3c780ad3dead4ff1a7dffaef048f5c27
7a3b8eae4cf142488eabd87d1e0751bc,118,0.5833333333333333,2,409139,92.52879095717235,2,True,0.37573314,0.31594098,515e9f025c054515ad16e92d13bf9f93,1df655160bce48ec96909eb1b2de560b|515e9f025c054515ad16e92d13bf9f93|33ac91433cc54075b21a66c8fbe99004|1a1602caa4414156a1d0a41c3b4e4c3a|a048b44e26a54c02aea10b9099c8fd26
50a6538228c745139cb65869407ed704,118,1.0,1,281934,99.41520252145922,2,True,0.6396637,0.24421819,515e9f025c054515ad16e92d13bf9f93,515e9f025c054515ad16e92d13bf9f93|e293cba4b80340f0b78166602fc46e44|1df655160bce48ec96909eb1b2de560b|d8db2b13b3d4457197e4afccb9e87859|b0ed62b1e060407a8626082c4b12d3fd
6f75676653044a78bce884447cac26c2,186,0.4666666666666666,2,252384,32.9767196479885,3,True,0.53522134,0.49825495,e90c4afb96aa49d9becc8f43103c96c7,1c315996f08640f29f7a42976bed130c|e90c4afb96aa49d9becc8f43103c96c7|cc722089ba4a40edb13eeeebfdbf2001|dd1ff52076ea47b2b0e4f3a4f322cf6e|57386a6e214642dd8e743677e09bdc6b
1815f1920b6a49a4a47c4af66f846290,186,0.42063492063492064,2,298368,58.392275672572175,3,True,0.6073974,0.57143736,d8db2b13b3d4457197e4afccb9e87859,dd1ff52076ea47b2b0e4f3a4f322cf6e|d8db2b13b3d4457197e4afccb9e87859|1c315996f08640f29f7a42976bed130c|cc722089ba4a40edb13eeeebfdbf2001|381e5df5f54a4489a6eb01d248d70c99
314b032e1a204bbeba335d139ca00a46,186,0.42063492063492064,2,815616,85.31602003884181,3,True,0.50801235,0.61518663,d8db2b13b3d4457197e4afccb9e87859,dd1ff52076ea47b2b0e4f3a4f322cf6e|d8db2b13b3d4457197e4afccb9e87859|1c315996f08640f29f7a42976bed130c|cc722089ba4a40edb13eeeebfdbf2001|381e5df5f54a4489a6eb01d248d70c99
d622af90f62446e7ab6a82648a3974cb,1043,1.0,1,253500,94.36910099637682,1,True,0.57715744,0.2742956,800f03870dac489993d2e7d84827f52c,800f03870dac489993d2e7d84827f52c|32c41074aaff48e2b414b69e6871b895|7acebb619e7b4f2199136a370f1a3884|afdfa63089eb495db14af90f27749d11|a899a311333c48de8bad891dd4be1c06
c77c3297127a4bababf1d186ab97b70c,1043,1.0,1,247793,104.25397302350427,1,True,0.56117487,0.30533135,800f03870dac489993d2e7d84827f52c,800f03870dac489993d2e7d84827f52c|7acebb619e7b4f2199136a370f1a3884|aa442d593f20489f9e53b680ae7b2e89|32c41074aaff48e2b414b69e6871b895|9a45b92df7b841e8b9b5deef2f6eb2e3
191cb46707924ef882582fd9d7712def,1043,1.0,1,535995,113.5180019574944,1,True,0.6400069,0.32784447,3d1b6eb30050477f9371d6531dd97d04,3d1b6eb30050477f9371d6531dd97d04|a899a311333c48de8bad891dd4be1c06|afdfa63089eb495db14af90f27749d11|7acebb619e7b4f2199136a370f1a3884|9cd3195e9bbd4331b566585403afa2c5
df5694e7c26342c3ba779f4f29062449,1043,1.0,1,544380,116.59782956484642,1,True,0.6528368,0.3677593,3d1b6eb30050477f9371d6531dd97d04,3d1b6eb30050477f9371d6531dd97d04|a899a311333c48de8bad891dd4be1c06|afdfa63089eb495db14af90f27749d11|7acebb619e7b4f2199136a370f1a3884|9cd3195e9bbd4331b566585403afa2c5
cf267b7e411746209d7891c21c859220,484,0.41666666666666663,3,434720,65.08272011977574,2,True,0.44674394,0.2894402,a99125be5f9844ff879d418f325665e1,8921db6c4e104fc5b5180413255294ac|501d491d76e84f42b5ef8e2f1b915b34|a99125be5f9844ff879d418f325665e1|5055d46b56264a8bb8b54293b2327aea|f58f5243986b48c3bb7518935fdc76c2
5a6a794804a04cd793490cdeca9c50e5,484,1.0,1,439725,66.01922348484848,2,True,0.43829742,0.31316346,a99125be5f9844ff879d418f325665e1,a99125be5f9844ff879d418f325665e1|5055d46b56264a8bb8b54293b2327aea|8921db6c4e104fc5b5180413255294ac|501d491d76e84f42b5ef8e2f1b915b34|eaf4d4942f014fea836ba445fbfb1c7e
caf6d0a581a848bb81c66a7d8a2dd375,622,1.0,1,455600,86.95338326446281,1,True,0.34284475,0.31847444,32c41074aaff48e2b414b69e6871b895,32c41074aaff48e2b414b69e6871b895|0ee6d6922aa64ed882742ed09c385fed|6ceb98dc906445b4a984627a8181425d|3d1b6eb30050477f9371d6531dd97d04|800f03870dac489993d2e7d84827f52c
f88229a77bfd4b12b9a37e06b17cfaa9,622,1.0,1,268272,51.046682384122285,1,True,0.34205848,0.3793132,7acebb619e7b4f2199136a370f1a3884,7acebb619e7b4f2199136a370f1a3884|509c9df9dfcb4509a5676437750ce388|b64f22beda0c4785ab30d227b3790794|94945598ed5d4204be76594b932b1695|3d1b6eb30050477f9371d6531dd97d04
67d080466e0843aa8657d9669bb615ee,622,1.0,1,269311,53.724651750493095,1,True,0.37435418,0.3974266,7acebb619e7b4f2199136a370f1a3884,7acebb619e7b4f2199136a370f1a3884|509c9df9dfcb4509a5676437750ce388|94945598ed5d4204be76594b932b1695|b64f22beda0c4785ab30d227b3790794|11eddc1c3c3741688332c6c9a65bb4e1
00ab889b4089460083659ca2d408b5c7,622,1.0,1,458150,86.0461919398907,1,True,0.3134753,0.25666913,32c41074aaff48e2b414b69e6871b895,32c41074aaff48e2b414b69e6871b895|6ceb98dc906445b4a984627a8181425d|3d1b6eb30050477f9371d6531dd97d04|800f03870dac489993d2e7d84827f52c|9a45b92df7b841e8b9b5deef2f6eb2e3
e6763092b8dc4ac9bdd1271861aaf525,656,1.0,1,417852,138.6867859543011,2,True,0.7659116,0.37417448,1601d4f7d79e45f7a4c60e0d40389d39,1601d4f7d79e45f7a4c60e0d40389d39|9ef9955726744d479b3498441c2f250f|40d4834250d444099bd0b91a139b5841|e14f135f36e040fa8e50ccbfea7a3c57|8921db6c4e104fc5b5180413255294ac
b41e2f295e0e49509e7af6b917c16b7e,656,1.0,1,410228,85.38556743421053,2,True,0.48199353,0.26990366,1601d4f7d79e45f7a4c60e0d40389d39,1601d4f7d79e45f7a4c60e0d40389d39|5b6294dd00084f98a305134a6a0d71d7|6fe521f23cb942de947c8634ec8d7bfe|b3519e1122734d4d996a9669c416d700|501d491d76e84f42b5ef8e2f1b915b34
2a962318fc314daeb51111655cc2faea,656,1.0,1,412800,89.5715769903762,2,True,0.4946745,0.23853502,1601d4f7d79e45f7a4c60e0d40389d39,1601d4f7d79e45f7a4c60e0d40389d39|5b6294dd00084f98a305134a6a0d71d7|6fe521f23cb942de947c8634ec8d7bfe|b3519e1122734d4d996a9669c416d700|501d491d76e84f42b5ef8e2f1b915b34
22a6ed7faa9141d1ab141beaa68ec0ac,656,1.0,1,202488,139.11338198424068,2,True,0.7750545,0.22200379,5b6294dd00084f98a305134a6a0d71d7,5b6294dd00084f98a305134a6a0d71d7|9ef9955726744d479b3498441c2f250f|6fe521f23cb942de947c8634ec8d7bfe|40d4834250d444099bd0b91a139b5841|b3519e1122734d4d996a9669c416d700
e06d57f9753e4342b304e4594bff3845,684,1.0,1,250614,101.17529786789298,1,True,0.4918374,0.37666687,3a717ef240b14631821f8cee194b9d77,3a717ef240b14631821f8cee194b9d77|05cd40d3848e46d4b5f520fc743be8dd|715d426f883e42409e42f5dfcf8fe259|5851eb22f6104ec3824595cfd7e84454|120c9a9cd413427dab54c65c16e491da
b6e086b28f3b4cc584d93b78d9dd6ad3,684,1.0,1,471240,101.39487737341773,1,True,0.6377512,0.4460888,44fe4096dcc444a4bdd05238e9c09f90,44fe4096dcc444a4bdd05238e9c09f90|dca6275103b748bca7d0c3c22e0cfbd6|6ad8ab44029548748f26b28fe970681d|715d426f883e42409e42f5dfcf8fe259|120c9a9cd413427dab54c65c16e491da
da6ce1c0b2164be580adc8e8f2d4e34f,684,1.0,1,247908,94.2812763047138,1,True,0.4801582,0.4046206,3a717ef240b14631821f8cee194b9d77,3a717ef240b14631821f8cee194b9d77|05cd40d3848e46d4b5f520fc743be8dd|715d426f883e42409e42f5dfcf8fe259|5851eb22f6104ec3824595cfd7e84454|dca6275103b748bca7d0c3c22e0cfbd6
9a1e0afd4b314f339210629babd2ef3a,684,1.0,1,466755,101.80560563568376,1,True,0.60660315,0.39356595,44fe4096dcc444a4bdd05238e9c09f90,44fe4096dcc444a4bdd05238e9c09f90|78d557e45b2c4e008860c400b162d0d1|dca6275103b748bca7d0c3c22e0cfbd6|2a45ce23767945aba36f9ebcc5656a29|6ad8ab44029548748f26b28fe970681d
317cd9680d97426d81e18dd2e094a3dd,297,0.19444444444444442,6,312018,123.98393945993031,2,True,0.38497287,0.5221146,052d9565e1c545b69509364d80426804,f4e982788f2d4032ba2c15834f59abc6|06b6fd899f4140a692e8c941ccdfd346|f4a69bf7688044f39b00d77186e71a1a|5cabf3e68268472ca4a915a378c67e65|15176bdecb8d4a1e90b73a82e4bbd577
5aa146b8aaaf42129212ff178e43815f,297,0.18253968253968253,7,315560,122.59305436643835,2,True,0.25603408,0.44583315,052d9565e1c545b69509364d80426804,f4e982788f2d4032ba2c15834f59abc6|06b6fd899f4140a692e8c941ccdfd346|f4a69bf7688044f39b00d77186e71a1a|5cabf3e68268472ca4a915a378c67e65|15176bdecb8d4a1e90b73a82e4bbd577
6b6897d96f914ff996bb2fe13ffca2ad,297,0.25,2,238204,152.06304616261397,2,True,0.4693277,0.45993364,052d9565e1c545b69509364d80426804,00b198c9bd9f45079a7bbcd420f09c49|052d9565e1c545b69509364d80426804|5cabf3e68268472ca4a915a378c67e65|06b6fd899f4140a692e8c941ccdfd346|8c05c5c1293344a7aca8858429d92f78
33687898b8c74c418206e3adefba4bfe,297,0.30952380952380953,3,350595,132.58673234605087,2,True,0.4602648,0.6937408,ae00de811b514c0abc0bc74db2c1721b,00b198c9bd9f45079a7bbcd420f09c49|5cabf3e68268472ca4a915a378c67e65|ae00de811b514c0abc0bc74db2c1721b|8c05c5c1293344a7aca8858429d92f78|de0ef0c5e9bf438d807932ca29fec8d6
bcc188afff734e82bfa77cd4735ba773,297,0.25,2,343176,131.48957295816734,2,True,0.48294327,0.71733075,ae00de811b514c0abc0bc74db2c1721b,00b198c9bd9f45079a7bbcd420f09c49|ae00de811b514c0abc0bc74db2c1721b|5cabf3e68268472ca4a915a378c67e65|8c05c5c1293344a7aca8858429d92f78|de0ef0c5e9bf438d807932ca29fec8d6
eb6f580056444dec843978c5bdd3ab7c,1075,1.0,1,323536,68.65462597298534,1,True,0.4452567,0.40988737,563a4f2d7f86455db1554d7d12ef4438,563a4f2d7f86455db1554d7d12ef4438|11eddc1c3c3741688332c6c9a65bb4e1|b64f22beda0c4785ab30d227b3790794|94945598ed5d4204be76594b932b1695|f017157541f04dd28c1b677372a97c00
37f9b525d6ed442bb858051b7093f445,1075,1.0,1,321104,156.49673793859648,1,True,0.3973252,0.12677374,0ee6d6922aa64ed882742ed09c385fed,0ee6d6922aa64ed882742ed09c385fed|b5573b58b63a473f91b24e6a0f7e10eb|11eddc1c3c3741688332c6c9a65bb4e1|b64f22beda0c4785ab30d227b3790794|a68633d690184f8c9604aee911601f28
6245132e13a34a1791c3815b7776e0cf,1075,1.0,1,321200,63.64373273480663,1,True,0.44369698,0.4132802,563a4f2d7f86455db1554d7d12ef4438,563a4f2d7f86455db1554d7d12ef4438|11eddc1c3c3741688332c6c9a65bb4e1|b64f22beda0c4785ab30d227b3790794|94945598ed5d4204be76594b932b1695|509c9df9dfcb4509a5676437750ce388
de9c9a6ef97e44e78045cfffa6a94d49,1075,1.0,1,323056,157.1665562426384,1,True,0.47578758,0.27714157,0ee6d6922aa64ed882742ed09c385fed,0ee6d6922aa64ed882742ed09c385fed|5f46394e7920462cb0f41f1fc5045845|a7050c1ef361424f8e70c84a1b03f9af|089ca37f55454215949ea9d9791d214b|62e4c46453d44df39484214b1dcc3adf
36c93433d821494cbe2391fcb39028ac,95,1.0,1,417147,128.6300460140018,1,True,0.7186839,0.416123,83d587a99a884aec8f6f926fc8526e4b,83d587a99a884aec8f6f926fc8526e4b|85add9c0a594440aa5fe0f2d361efbc9|459906b71d834d72b8dfa4ad57640e7b|cf305ddb72064ba59b458bdce8a2c6e0|6b95c9c8fd354c3fb75db759b4f0fd46
0cb730e7c5384871b4963f967f594826,95,1.0,1,237384,126.52750721500722,1,True,0.6821614,0.44648078,cd633c5328fa44c98c4a6ba344c47984,cd633c5328fa44c98c4a6ba344c47984|459906b71d834d72b8dfa4ad57640e7b|cf305ddb72064ba59b458bdce8a2c6e0|85add9c0a594440aa5fe0f2d361efbc9|c60b19798e944b28ab4414dffc18192e
973133b82c57446fa567d05c02d61e7a,95,1.0,1,239020,123.92168417744253,1,True,0.6848358,0.48049068,cd633c5328fa44c98c4a6ba344c47984,cd633c5328fa44c98c4a6ba344c47984|459906b71d834d72b8dfa4ad57640e7b|cf305ddb72064ba59b458bdce8a2c6e0|85add9c0a594440aa5fe0f2d361efbc9|c60b19798e944b28ab4414dffc18192e
46acf864f7aa4a0ea328186e5449ecd2,95,1.0,1,422211,128.04253949175825,1,True,0.6926929,0.46208537,83d587a99a884aec8f6f926fc8526e4b,83d587a99a884aec8f6f926fc8526e4b|85add9c0a594440aa5fe0f2d361efbc9|459906b71d834d72b8dfa4ad57640e7b|cf305ddb72064ba59b458bdce8a2c6e0|c60b19798e944b28ab4414dffc18192e
f2e3f8b04ecb4c6f960e380e9c140515,1144,1.0,1,333591,128.03163248697916,1,True,0.34101877,0.36330223,b2db22092d634fe58a3f656a511fe30a,b2db22092d634fe58a3f656a511fe30a|84b84116c5f844e28f34a075fc4780af|2fb7341abe5946bb831f22efeb02b691|9c573a4d794b4ffc85f5ea169672910e|f2a3285ca9a24828925b0feee504203a
dbb29cc4abad4c45aeddc99974ac6a21,1144,1.0,1,69552,117.45650736139866,1,True,0.38082373,0.28763574,a1c52547fa3a4a9d988533bc8430b141,a1c52547fa3a4a9d988533bc8430b141|84b84116c5f844e28f34a075fc4780af|2fb7341abe5946bb831f22efeb02b691|9c573a4d794b4ffc85f5ea169672910e|f2a3285ca9a24828925b0feee504203a
32f13965f60b4d03a69a081f865c1d7c,1144,1.0,1,58464,113.72078544061303,1,True,0.3624732,0.30203992,a1c52547fa3a4a9d988533bc8430b141,a1c52547fa3a4a9d988533bc8430b141|84b84116c5f844e28f34a075fc4780af|2fb7341abe5946bb831f22efeb02b691|9c573a4d794b4ffc85f5ea169672910e|f2a3285ca9a24828925b0feee504203a
0823b8f0347f40ebacd37cff8a90647c,1144,1.0,1,380070,121.4667730148342,1,True,0.28538722,0.287009,b2db22092d634fe58a3f656a511fe30a,b2db22092d634fe58a3f656a511fe30a|2fb7341abe5946bb831f22efeb02b691|84b84116c5f844e28f34a075fc4780af|9c573a4d794b4ffc85f5ea169672910e|f2a3285ca9a24828925b0feee504203a
822dd4c723054639a649284e16e6a31d,1536,0.0,99,313280,77.43485296639231,1,True,0.13585876,0.34642106,b01eadf8a5264fc684b87ac714870423,6b2aa378d6074e82ab35cd6c1e7148ab|3923e495d10940e59c9dc28e385058e7|385140e7679d427293393f7639a01826|0fc9f05c21b14ee8bd746b6058b3c175|167852b9df1e407880f518160d329303
408ec3f510ab4b61bf3c5543a94f7f2a,1536,0.0,99,454710,71.30751873297002,1,True,0.07584509,0.46203446,ba8a425eb0a54c828ae20e3392809805,e0d0d28492e04d9daa4aafffe0cf69e7|952f8d0e39c44fdb97b2e3998fd2b26a|9073c76ff16e463583044c8e0e37101d|b01f70abda4e4ce4a162a83e4a7d0995|52eaf996c73445fcafbfa0a954ca7f2b
e6d569b65b644f9cb05a35b282f09f3f,1536,0.0,99,315505,72.49555886929461,1,True,0.05211959,0.31815597,b01eadf8a5264fc684b87ac714870423,0fc9f05c21b14ee8bd746b6058b3c175|3fdc43ae9a3d40e5980bca67f16e66fe|c60b19798e944b28ab4414dffc18192e|3923e495d10940e59c9dc28e385058e7|167852b9df1e407880f518160d329303
0afed9f8a2574c048df6c678d144fe1e,62,1.0,1,305996,137.8643721846847,2,True,0.44986737,0.320363,cc244c4d72d946f3ac5a25e3fef14316,cc244c4d72d946f3ac5a25e3fef14316|a764040c54b74140bea40324c6af698c|c436257a9faf47c2bf040a7a43ef0461|0b264e6c4f5f485fbb4a6d155e19d20b|d91edbec54c74ff48e441b3883943d80
bb377fecace14a7d9b6758be5581b22e,62,1.0,1,304416,122.75264438545689,2,True,0.40724108,0.3229436,cc244c4d72d946f3ac5a25e3fef14316,cc244c4d72d946f3ac5a25e3fef14316|a764040c54b74140bea40324c6af698c|c436257a9faf47c2bf040a7a43ef0461|0b264e6c4f5f485fbb4a6d155e19d20b|affbaf5b24db4fc484ce50c6dcfce382
382249ce2e6e4b3f8959b13e1916e03f,62,0.7,1,271296,104.8391802680467,2,True,0.48411074,0.51918983,6e936b41389147c88f484bc58a982b8a,6e936b41389147c88f484bc58a982b8a|c436257a9faf47c2bf040a7a43ef0461|0b264e6c4f5f485fbb4a6d155e19d20b|53ba664556c24ad2b8ec64bfe5ded724|cc244c4d72d946f3ac5a25e3fef14316
097f48b572d4421ea784e6030609d59a,62,0.7,1,875748,129.06555590986395,2,True,0.31909758,0.39361623,6e936b41389147c88f484bc58a982b8a,6e936b41389147c88f484bc58a982b8a|d91edbec54c74ff48e441b3883943d80|5148e6655e0748e5aa41847022cbe4ff|6c64bb7bfb4541589ecaf4b0d29db58f|a764040c54b74140bea40324c6af698c
8fad9323f26b48feaf7400a70baa0ac7,970,1.0,1,397072,60.138765956165706,1,True,0.5242603,0.42186654,52eca33b9d8a44b483910d3e777185b3,52eca33b9d8a44b483910d3e777185b3|94945598ed5d4204be76594b932b1695|509c9df9dfcb4509a5676437750ce388|aa442d593f20489f9e53b680ae7b2e89|46437c2118c0411e9ec04bd4d9e21a2a
3cb46aeb250a4982b5d19971577ce587,970,1.0,1,434520,48.66930690212373,1,True,0.57765865,0.40556425,261aa5e36a2d49d1a5f8c027cd4dbbba,261aa5e36a2d49d1a5f8c027cd4dbbba|94945598ed5d4204be76594b932b1695|509c9df9dfcb4509a5676437750ce388|11eddc1c3c3741688332c6c9a65bb4e1|b64f22beda0c4785ab30d227b3790794
d4a36ca54f1541a192c1879c56f59dcf,970,1.0,1,400200,65.18993055555555,1,True,0.5528188,0.45189983,52eca33b9d8a44b483910d3e777185b3,52eca33b9d8a44b483910d3e777185b3|94945598ed5d4204be76594b932b1695|509c9df9dfcb4509a5676437750ce388|5055d46b56264a8bb8b54293b2327aea|46437c2118c0411e9ec04bd4d9e21a2a
cc77df517ce3468ea3438eb0bdb51860,970,1.0,1,455225,81.79560169198895,1,True,0.4082353,0.3089434,261aa5e36a2d49d1a5f8c027cd4dbbba,261aa5e36a2d49d1a5f8c027cd4dbbba|94945598ed5d4204be76594b932b1695|11eddc1c3c3741688332c6c9a65bb4e1|b64f22beda0c4785ab30d227b3790794|0ee6d6922aa64ed882742ed09c385fed
279d07111f0b4dc8a125d4cd65f36acc,731,1.0,1,342790,99.17656663359789,1,True,0.76574975,0.45597678,fb4a798e1dbe49809b9caac415e13f78,fb4a798e1dbe49809b9caac415e13f78|a91fee0e42e94aaf99824a86e73b829b|c60b19798e944b28ab4414dffc18192e|5edea368e47e47ada4673bb993eb2206|794d1ad2685a4ee292385189b68494ff
dffaedb7e53242009a34e575734ac84f,731,1.0,1,463572,74.73236268939394,1,True,0.8112795,0.4511178,b8012abf309c4a459721bd4204be320b,b8012abf309c4a459721bd4204be320b|a91fee0e42e94aaf99824a86e73b829b|c60b19798e944b28ab4414dffc18192e|5edea368e47e47ada4673bb993eb2206|cd633c5328fa44c98c4a6ba344c47984
2b69d562ca4d4e2f84ef5ea00fa96e3f,731,1.0,1,474760,70.26385971055089,1,True,0.8106338,0.45394456,b8012abf309c4a459721bd4204be320b,b8012abf309c4a459721bd4204be320b|a91fee0e42e94aaf99824a86e73b829b|c60b19798e944b28ab4414dffc18192e|5edea368e47e47ada4673bb993eb2206|cd633c5328fa44c98c4a6ba344c47984
f9d3695b041947ebbb8429b118eb4de7,505,1.0,1,468779,85.5499362244898,3,True,0.4658941,0.19188276,13625808f91c44ee902b5179b2aa53ba,3d402a6091df40e78314d46d7db7a439|13625808f91c44ee902b5179b2aa53ba|452615bc032d49339277cd0346d92474|6ceb98dc906445b4a984627a8181425d|6eefe7a96c4d4beb923676b334c60fc7
421bd880f6fc4bf6a89a0af307af332f,505,1.0,1,678912,88.491813248503,3,True,0.7312445,0.218576,13625808f91c44ee902b5179b2aa53ba,13625808f91c44ee902b5179b2aa53ba|3bfa85fb1d6048b598b77828716da683|3d402a6091df40e78314d46d7db7a439|6eefe7a96c4d4beb923676b334c60fc7|fc57db4642fc4a56bc0d2b0493b96948
81dd09af86384c11b1372423201c865c,505,1.0,1,345371,61.81609691528545,3,True,0.69230837,0.2039412,452615bc032d49339277cd0346d92474,452615bc032d49339277cd0346d92474|3bfa85fb1d6048b598b77828716da683|3d402a6091df40e78314d46d7db7a439|6eefe7a96c4d4beb923676b334c60fc7|76fdf310a628469bb06adb9e73a20452
a182da82e95249d59890bd3c2a642708,505,1.0,1,289738,115.47096871239471,3,True,0.28061488,0.15561438,3bfa85fb1d6048b598b77828716da683,3bfa85fb1d6048b598b77828716da683|13625808f91c44ee902b5179b2aa53ba|452615bc032d49339277cd0346d92474|384151a9dbcb445fa4edd5f3f54c7e6e|2c532fd800dc4fcf96651c0ce0cc07ed
96e83d6203fa49b2923a0981fdb6f185,539,0.75,1,557928,90.43744593425606,2,True,0.6436005,0.5062693,89142875ceb84465b665ef999283e77a,89142875ceb84465b665ef999283e77a|c1df5dce1fa946b68188af887a2244e0|59fdb0273ecd449ea0fa306f14fc28b3|056498a8ee3d4d9a9974ca124c65c3e3|4b02c267cfd247f4a5ca2a61307ed2ac
6b17f6640d704db9bb3c4ba6a186ed73,539,0.75,1,555560,92.63506401909723,2,True,0.62780833,0.4661985,89142875ceb84465b665ef999283e77a,89142875ceb84465b665ef999283e77a|c1df5dce1fa946b68188af887a2244e0|59fdb0273ecd449ea0fa306f14fc28b3|056498a8ee3d4d9a9974ca124c65c3e3|4b02c267cfd247f4a5ca2a61307ed2ac
dea750d0262a45d6abba6abaf5b7ca82,539,1.0,1,547155,74.46067154255319,2,True,0.6321427,0.5920419,b5e2d620134f435e8338754b9b7e481c,056498a8ee3d4d9a9974ca124c65c3e3|b5e2d620134f435e8338754b9b7e481c|59fdb0273ecd449ea0fa306f14fc28b3|e9982140b08d4812b40b3b138eb7b347|c1df5dce1fa946b68188af887a2244e0
2e244117adc14201b7cb4b0486ed3384,539,1.0,1,543375,81.76707175925925,2,True,0.61022866,0.48094958,b5e2d620134f435e8338754b9b7e481c,056498a8ee3d4d9a9974ca124c65c3e3|b5e2d620134f435e8338754b9b7e481c|e9982140b08d4812b40b3b138eb7b347|59fdb0273ecd449ea0fa306f14fc28b3|c1df5dce1fa946b68188af887a2244e0
90b84e7b9b614741a163e6beb44ae109,539,0.29166666666666663,4,95166,131.01782149086858,2,True,0.5101093,0.42823708,89142875ceb84465b665ef999283e77a,a1cd219cb3184084a01e638dd6251a7c|43f2c9b634a2423a839628ba1a60ff5f|6f06e60e917442ecb8a6ba3135f55fbf|89142875ceb84465b665ef999283e77a|e9982140b08d4812b40b3b138eb7b347
075e970d18d14a258baa0b667ec5e1a1,1509,1.0,1,416604,85.56318488786953,1,True,0.65920794,0.46087956,984222e536884c30b502da9a72631177,984222e536884c30b502da9a72631177|1862572b923642e593fdbc54d07c75b5|1d55fd18105e4b078e18be97715b4eb9|008d5ced1ac14476bb272b6ffb682932|74f84b1a200b4b24b3bc440f6f613b91
9cc9731b746d49d79ed6fe19353f8134,1509,1.0,1,667392,107.10352138643069,1,True,0.6555686,0.45258188,d2306da1ee0e46928b9d78c0265ce3c3,d2306da1ee0e46928b9d78c0265ce3c3|1862572b923642e593fdbc54d07c75b5|1d55fd18105e4b078e18be97715b4eb9|008d5ced1ac14476bb272b6ffb682932|74f84b1a200b4b24b3bc440f6f613b91
46d9d6f9b5da499a8396dbaec0d540fa,1509,1.0,1,722100,113.07695810564663,1,True,0.62891364,0.5163756,d2306da1ee0e46928b9d78c0265ce3c3,d2306da1ee0e46928b9d78c0265ce3c3|1862572b923642e593fdbc54d07c75b5|1d55fd18105e4b078e18be97715b4eb9|008d5ced1ac14476bb272b6ffb682932|74f84b1a200b4b24b3bc440f6f613b91
7334dadb9b2f4ff6826b18a4f64fc80a,1509,1.0,1,404260,85.95403645833333,1,True,0.6334784,0.45908225,984222e536884c30b502da9a72631177,984222e536884c30b502da9a72631177|1862572b923642e593fdbc54d07c75b5|1d55fd18105e4b078e18be97715b4eb9|008d5ced1ac14476bb272b6ffb682932|0115e7920895461aa56662639a207ee1
66727631f32b4e9d80e7a0b8ddc6f5fd,245,1.0,1,323288,76.82836015886288,1,True,0.65565324,0.4337939,436b63d5d89a4769b4a92abcb812e968,436b63d5d89a4769b4a92abcb812e968|86ee6b4475ea4746a6bcc32e9e8f2544|6eefe7a96c4d4beb923676b334c60fc7|a27924365be34608a104be9a434bab29|a048b44e26a54c02aea10b9099c8fd26
57af1027337f4638b84c3c90ff8d9eae,245,1.0,1,138672,77.9919727233677,1,True,0.6278234,0.45019,c58b4e037340446389ba7fee6620bc37,c58b4e037340446389ba7fee6620bc37|94341f0573ba4727ac54d60f87526120|86ee6b4475ea4746a6bcc32e9e8f2544|581f599bbe28439c864c5ed106acf23a|a27924365be34608a104be9a434bab29
dba117bd8c2640ecb5ba33a9a4fef9a5,245,1.0,1,348840,84.68911481077147,1,True,0.6641387,0.54026186,c58b4e037340446389ba7fee6620bc37,c58b4e037340446389ba7fee6620bc37|94341f0573ba4727ac54d60f87526120|581f599bbe28439c864c5ed106acf23a|86ee6b4475ea4746a6bcc32e9e8f2544|abecc41135b043b1a0bda9fcb3115de8
9146e641dfd147788ad5120854287b66,245,1.0,1,319571,88.30642361111111,1,True,0.6539723,0.39004833,436b63d5d89a4769b4a92abcb812e968,436b63d5d89a4769b4a92abcb812e968|94341f0573ba4727ac54d60f87526120|581f599bbe28439c864c5ed106acf23a|86ee6b4475ea4746a6bcc32e9e8f2544|a27924365be34608a104be9a434bab29
f07367be069448d8b35192989f862b38,823,0.0,99,426120,97.85546372265122,2,True,0.16609612,0.29666218,849d281dc9aa4143a6d33f7153ada812,553cf78505c6462a840c70001fb14edd|84de49e45f00440dabe4132fc50c08b8|9cf589fd83cd444d9e124512d09383be|56fd841efa844197a614a70b3784b7ae|ccdc534c69474aa78f79c5933fbfd6f2
7dd00ab2aba942c0b100cf4f81f32408,823,1.0,1,307111,98.31524795501022,2,True,0.5119622,0.32679653,849d281dc9aa4143a6d33f7153ada812,849d281dc9aa4143a6d33f7153ada812|1d499a5f71f44464bf28495831ab0a1f|f9e088ead6a546959515c3f5da9789a7|cd5ead4f82e646c9b4dcad5123ea9a4d|1f4e759d3fa94fa1b0541b146a40e1d9
60c1251d35d949fc9c5e54226c281197,823,0.5,1,379192,78.21855863951012,2,True,0.46840626,0.20940673,849d281dc9aa4143a6d33f7153ada812,849d281dc9aa4143a6d33f7153ada812|57386a6e214642dd8e743677e09bdc6b|cc722089ba4a40edb13eeeebfdbf2001|cd5ead4f82e646c9b4dcad5123ea9a4d|f9e088ead6a546959515c3f5da9789a7
d4f040e2fc1f4730b5af6a39da322f33,463,1.0,1,534534,114.9749683605919,1,True,0.6460263,0.36328328,15b603964b534aedb90cdb8f75132dc6,15b603964b534aedb90cdb8f75132dc6|40d4834250d444099bd0b91a139b5841|e14f135f36e040fa8e50ccbfea7a3c57|1f4e759d3fa94fa1b0541b146a40e1d9|51736132520d41739e934db744368a6f
e17daaf8e468423d8d5966c8c9df50c0,463,0.125,8,412230,80.35322991606715,1,True,0.34357932,0.37704298,64d14f52a6924c8c8f25bc7fa5185c77,e14f135f36e040fa8e50ccbfea7a3c57|40d4834250d444099bd0b91a139b5841|a27924365be34608a104be9a434bab29|008d5ced1ac14476bb272b6ffb682932|0115e7920895461aa56662639a207ee1
11e9d9307b9b4ae6a493901d7be2da80,463,0.5,2,300295,101.94159813596491,1,True,0.4526393,0.3673208,15b603964b534aedb90cdb8f75132dc6,320dddb505f9441dadce8897703ee453|15b603964b534aedb90cdb8f75132dc6|0115e7920895461aa56662639a207ee1|74f84b1a200b4b24b3bc440f6f613b91|6c30bfc2917742918b35c7b62465bdbc
f394dca9df474839ade390713b4e1640,695,0.8055555555555555,1,198648,125.95833333333333,3,True,0.48518205,0.44866517,cb05cb6476f745508fa414d46e0d62e1,cb05cb6476f745508fa414d46e0d62e1|2bbb203baa0a49f187b39a5f0eaf86da|102587885b394ff1b73d9af9a6d9254d|2082ba5cfcee4b5293d53d11dd940219|f96b74c0ec4a49c88eb770e537b3d24e
69e9a17b494b48aa85ed4b9aac347e7c,695,0.8666666666666667,1,368514,141.25582837301587,3,True,0.55107147,0.42956245,cb05cb6476f745508fa414d46e0d62e1,2082ba5cfcee4b5293d53d11dd940219|cb05cb6476f745508fa414d46e0d62e1|f96b74c0ec4a49c88eb770e537b3d24e|2bbb203baa0a49f187b39a5f0eaf86da|16ef6deca45d4956a1596c6795d69956
04b7af21ca364a6a8906da1ce4af0c83,695,0.8666666666666667,1,370755,136.57909276463963,3,True,0.56059444,0.46870005,cb05cb6476f745508fa414d46e0d62e1,cb05cb6476f745508fa414d46e0d62e1|2082ba5cfcee4b5293d53d11dd940219|2bbb203baa0a49f187b39a5f0eaf86da|f96b74c0ec4a49c88eb770e537b3d24e|16ef6deca45d4956a1596c6795d69956
ea76fda2b67243a7b8ad566fde232ab0,695,0.5888888888888889,2,465801,86.67560295643153,3,True,0.6953311,0.61620104,2082ba5cfcee4b5293d53d11dd940219,2bbb203baa0a49f187b39a5f0eaf86da|102587885b394ff1b73d9af9a6d9254d|2082ba5cfcee4b5293d53d11dd940219|f96b74c0ec4a49c88eb770e537b3d24e|16ef6deca45d4956a1596c6795d69956
2a624f0e19be4c7ca0f8f7db5e20d51d,1141,1.0,1,190464,76.12066905615293,1,True,0.5315131,0.42057723,90eacb98cb8c48c3a0163ad66e121efa,90eacb98cb8c48c3a0163ad66e121efa|459906b71d834d72b8dfa4ad57640e7b|83d587a99a884aec8f6f926fc8526e4b|2a353c6ae43b4b99a46da2451024beff|cd633c5328fa44c98c4a6ba344c47984
b5f23daf6d6f40678d253c27a6c10cce,1141,1.0,1,682971,36.287788989028215,1,True,0.53926444,0.32357043,cf305ddb72064ba59b458bdce8a2c6e0,cf305ddb72064ba59b458bdce8a2c6e0|459906b71d834d72b8dfa4ad57640e7b|e0d0d28492e04d9daa4aafffe0cf69e7|a91fee0e42e94aaf99824a86e73b829b|5edea368e47e47ada4673bb993eb2206
2a9e301021a54ebc886729669d324d78,1141,0.5,2,187821,48.56634067745804,1,True,0.5517478,0.47448215,90eacb98cb8c48c3a0163ad66e121efa,459906b71d834d72b8dfa4ad57640e7b|90eacb98cb8c48c3a0163ad66e121efa|83d587a99a884aec8f6f926fc8526e4b|cd633c5328fa44c98c4a6ba344c47984|c60b19798e944b28ab4414dffc18192e
3e2a6c1b4c5b4e09b7ae5ef462666f1e,1141,1.0,1,691278,45.746766963364294,1,True,0.5736537,0.4850129,cf305ddb72064ba59b458bdce8a2c6e0,cf305ddb72064ba59b458bdce8a2c6e0|459906b71d834d72b8dfa4ad57640e7b|5edea368e47e47ada4673bb993eb2206|c60b19798e944b28ab4414dffc18192e|cd633c5328fa44c98c4a6ba344c47984
7f38b3a546d04215a6f823a5d0b490a9,54,1.0,1,337820,124.23354842150171,1,True,0.6735705,0.51455563,e90a5fce539e49ef8c39d2bb561f860f,e90a5fce539e49ef8c39d2bb561f860f|da7552bcc2c24a73bcf7c0af907cc8c9|bc45a47e13bf47a992085c43661cd217|c624d1e2d34b4635bc9b0f5730bae694|5e553240676d4d238c48ded9ba3ff19c
d9bf5aa78ab14f43a93cc9e91adb185c,54,1.0,1,368300,40.783641186493185,1,True,0.6378012,0.37371403,3a7959c266094a82835b0bef9f2a3f25,3a7959c266094a82835b0bef9f2a3f25|bc45a47e13bf47a992085c43661cd217|da7552bcc2c24a73bcf7c0af907cc8c9|c624d1e2d34b4635bc9b0f5730bae694|5e553240676d4d238c48ded9ba3ff19c
b8f523b5011d449899d852a4c7df3910,54,1.0,1,338485,120.25049603174604,1,True,0.6663594,0.49473113,e90a5fce539e49ef8c39d2bb561f860f,e90a5fce539e49ef8c39d2bb561f860f|da7552bcc2c24a73bcf7c0af907cc8c9|bc45a47e13bf47a992085c43661cd217|c624d1e2d34b4635bc9b0f5730bae694|5e553240676d4d238c48ded9ba3ff19c
c38621d9ee4c4a9a8de800aacd5f73e6,54,1.0,1,369534,40.89518471189591,1,True,0.6394955,0.4224301,3a7959c266094a82835b0bef9f2a3f25,3a7959c266094a82835b0bef9f2a3f25|da7552bcc2c24a73bcf7c0af907cc8c9|bc45a47e13bf47a992085c43661cd217|c624d1e2d34b4635bc9b0f5730bae694|5e553240676d4d238c48ded9ba3ff19c
806d5303d73940fab33f1d5440a00d30,1360,1.0,1,293249,82.89447224320242,2,True,0.75366485,0.08578096,8e2ab546eb124d90937b4d35123d4271,8e2ab546eb124d90937b4d35123d4271|2c30f3c3d2ad40978fd57bd7066479aa|2e150e699d0b4ab5976bd9a76fdac68f|9d80e183006642e4a94d08ba36a8bb74|0bfa08d841404ec9ad2a24d3c3fb3f6c
ddf73c47baa74ce0b2ddb742bda8e50e,1360,1.0,1,106267,84.8729803231483,2,True,0.7495544,0.111020654,8e2ab546eb124d90937b4d35123d4271,8e2ab546eb124d90937b4d35123d4271|2c30f3c3d2ad40978fd57bd7066479aa|0ae037762e2d4faeb883a188df3063e7|26742e01ab184ab5b581b2a0895e8347|553cf78505c6462a840c70001fb14edd
eacf995c426d44d180bdb50f59b6107b,1360,1.0,1,224755,99.08047557740325,2,True,0.7657623,0.1901004,c6cafb737a154266a13157ea7acefe0a,c6cafb737a154266a13157ea7acefe0a|2c30f3c3d2ad40978fd57bd7066479aa|0bfa08d841404ec9ad2a24d3c3fb3f6c|9d80e183006642e4a94d08ba36a8bb74|2314f25800104836bab53f981cb5f52e
ebe4e967222647e0b67a153580e47a82,1360,1.0,1,330363,103.98738946945338,2,True,0.581699,0.10158205,c6cafb737a154266a13157ea7acefe0a,c6cafb737a154266a13157ea7acefe0a|8e2ab546eb124d90937b4d35123d4271|9d80e183006642e4a94d08ba36a8bb74|fd8303ddca7a4342afed1b21ba82d65b|0bfa08d841404ec9ad2a24d3c3fb3f6c
abdd40f962c448debbdce0be6e83e26c,1360,1.0,1,219224,101.10313566552901,2,True,0.8069992,0.20265281,c6cafb737a154266a13157ea7acefe0a,c6cafb737a154266a13157ea7acefe0a|2c30f3c3d2ad40978fd57bd7066479aa|9d80e183006642e4a94d08ba36a8bb74|0bfa08d841404ec9ad2a24d3c3fb3f6c|2314f25800104836bab53f981cb5f52e
df65049568b7445a8b3b9d8eb35ca04b,783,0.6644444444444444,1,255892,144.1787554075592,5,True,0.7546454,0.5129204,fd8303ddca7a4342afed1b21ba82d65b,fd8303ddca7a4342afed1b21ba82d65b|0987c57c7c9741849c4a18d71fecd395|26742e01ab184ab5b581b2a0895e8347|9aed07ab8e1d4d8394f656466f85386a|6e4f5f87a1fe4b55b0656a2630e9b9b4
e1d7e5d773064f40aafc27bae0c6f14f,783,0.6311111111111112,1,188696,129.26637983091788,5,True,0.54574513,0.33786958,16fa1dd6af6f4b5da0c08f68dd15da85,6e4f5f87a1fe4b55b0656a2630e9b9b4|0987c57c7c9741849c4a18d71fecd395|26742e01ab184ab5b581b2a0895e8347|16fa1dd6af6f4b5da0c08f68dd15da85|fd8303ddca7a4342afed1b21ba82d65b
8a7b8690c47e4ec69064a5294a97416a,1217,0.2,5,526500,78.58429166666667,1,True,0.45046428,0.71787596,26742e01ab184ab5b581b2a0895e8347,16fa1dd6af6f4b5da0c08f68dd15da85|cfb3e1fa07d64448a2ef30755fc40e31|f12103e1448741c5afd9e12fa4188d45|9aed07ab8e1d4d8394f656466f85386a|26742e01ab184ab5b581b2a0895e8347
e397cc3590b14ee6916567fd4c79f98f,1217,0.2,5,529820,71.6018001818783,1,True,0.454324,0.7044966,26742e01ab184ab5b581b2a0895e8347,16fa1dd6af6f4b5da0c08f68dd15da85|9aed07ab8e1d4d8394f656466f85386a|cfb3e1fa07d64448a2ef30755fc40e31|f12103e1448741c5afd9e12fa4188d45|26742e01ab184ab5b581b2a0895e8347
5300fc52d1984aefa27b9449563eedcb,1217,0.3333333333333333,3,249480,81.62033782928064,1,True,0.5221169,0.63664466,9ed00d9589bb44b4b80c94751c33bb0c,9aed07ab8e1d4d8394f656466f85386a|cfb3e1fa07d64448a2ef30755fc40e31|9ed00d9589bb44b4b80c94751c33bb0c|16fa1dd6af6f4b5da0c08f68dd15da85|f12103e1448741c5afd9e12fa4188d45
f269bfd9c73442459657e9dbf0fb046f,1217,0.5,2,259076,47.15661104965585,1,True,0.5580359,0.61487025,9ed00d9589bb44b4b80c94751c33bb0c,9aed07ab8e1d4d8394f656466f85386a|9ed00d9589bb44b4b80c94751c33bb0c|cfb3e1fa07d64448a2ef30755fc40e31|16fa1dd6af6f4b5da0c08f68dd15da85|f12103e1448741c5afd9e12fa4188d45
1fe0870283284d8fa3a81d401440ba14,1473,1.0,1,450665,102.5883161976912,1,True,0.7544881,0.7170554,aab87e0ce41b44d3bbbc800c6afb228f,aab87e0ce41b44d3bbbc800c6afb228f|e2e37fe3b48d4ad398912c5679f75e45|d7a43b23e3144a2abf6d6ad8ed983156|3d37812f45754ac8ba8bd0683fb87f91|1df655160bce48ec96909eb1b2de560b
5abaef7c792f42daac2ee82796788564,1473,1.0,1,438880,122.14184467299577,1,True,0.6763587,0.63349795,aab87e0ce41b44d3bbbc800c6afb228f,aab87e0ce41b44d3bbbc800c6afb228f|e2e37fe3b48d4ad398912c5679f75e45|1df655160bce48ec96909eb1b2de560b|d7a43b23e3144a2abf6d6ad8ed983156|3d37812f45754ac8ba8bd0683fb87f91
dbb7b5986611459db5becabacb519317,12,0.6111111111111112,1,658026,104.9984719352617,2,True,0.55999494,0.4958008,a59cdfc9a4224ea8a5a975fd2c2010c0,a59cdfc9a4224ea8a5a975fd2c2010c0|75800c15a29a4964a7ec2cbce20135eb|d1266a8a69004463a9c56c09a4b55349|bdef5e989b8d4b868ce06b51ce8ac81b|b0d43e2fd63148929cf050bde5db6470
d250bfaa6ca8417597ee5642e5368cf6,12,0.625,1,581343,51.56114674308588,2,True,0.614794,0.55403155,2062b6c0f11d48e2bfe6b7a5ea407805,2062b6c0f11d48e2bfe6b7a5ea407805|75800c15a29a4964a7ec2cbce20135eb|d1266a8a69004463a9c56c09a4b55349|bdef5e989b8d4b868ce06b51ce8ac81b|b0d43e2fd63148929cf050bde5db6470
eb919ac106f045eea090173ed7d23fa3,12,0.625,1,667005,106.9711180746337,2,True,0.52923363,0.5042512,a59cdfc9a4224ea8a5a975fd2c2010c0,a59cdfc9a4224ea8a5a975fd2c2010c0|75800c15a29a4964a7ec2cbce20135eb|d1266a8a69004463a9c56c09a4b55349|bdef5e989b8d4b868ce06b51ce8ac81b|b0d43e2fd63148929cf050bde5db6470
caa2b6cad4744107aff2fc6c97f8e7de,12,0.625,1,581343,50.39552629184862,2,True,0.61607736,0.55779815,2062b6c0f11d48e2bfe6b7a5ea407805,2062b6c0f11d48e2bfe6b7a5ea407805|75800c15a29a4964a7ec2cbce20135eb|d1266a8a69004463a9c56c09a4b55349|bdef5e989b8d4b868ce06b51ce8ac81b|b0d43e2fd63148929cf050bde5db6470
c079c0b787f7429d8d02ab9b46818c86,205,0.5,2,420750,117.20392700785024,1,True,0.4462576,0.5401966,381e5df5f54a4489a6eb01d248d70c99,e90c4afb96aa49d9becc8f43103c96c7|381e5df5f54a4489a6eb01d248d70c99|d8db2b13b3d4457197e4afccb9e87859|1c315996f08640f29f7a42976bed130c|cc722089ba4a40edb13eeeebfdbf2001
698b90bcd2e9467fbf57b7103ea9e710,205,0.3333333333333333,3,415449,156.3338673338015,1,True,0.40842056,0.3093561,dd1ff52076ea47b2b0e4f3a4f322cf6e,a899a311333c48de8bad891dd4be1c06|afdfa63089eb495db14af90f27749d11|dd1ff52076ea47b2b0e4f3a4f322cf6e|5f9e6738afc84b8496d5afef2a1986cc|1ed0a794a95749dab052d5ac4b432a6f
d54a5c5b29874f8ba5d00a2d8dd01002,205,1.0,1,409184,164.462258345341,1,True,0.44437218,0.32837895,dd1ff52076ea47b2b0e4f3a4f322cf6e,dd1ff52076ea47b2b0e4f3a4f322cf6e|a899a311333c48de8bad891dd4be1c06|afdfa63089eb495db14af90f27749d11|1c315996f08640f29f7a42976bed130c|d8db2b13b3d4457197e4afccb9e87859
38b0287944904e45a63515cc21562997,1152,1.0,1,410720,120.08480934115524,2,True,0.73833567,0.47363502,f64d5d70431a4a8fa0693e6afb9b17e7,f64d5d70431a4a8fa0693e6afb9b17e7|870225c86d8b4339aa7ce6661ab86040|684a55dcfe9c449f8564d48e5daf2f33|abecc41135b043b1a0bda9fcb3115de8|e1cb7daa87a44fcf8d4476c6821e6895
5ae3cfd286554ccd8e6a132dc7f6fb2c,1152,1.0,1,71273,148.61528208437977,2,True,0.689134,0.47359663,2ed6d9d600634482907c40f5e653545f,f64d5d70431a4a8fa0693e6afb9b17e7|2ed6d9d600634482907c40f5e653545f|684a55dcfe9c449f8564d48e5daf2f33|abecc41135b043b1a0bda9fcb3115de8|e1cb7daa87a44fcf8d4476c6821e6895
d304eeb9dc094af69c53394352649964,1152,1.0,1,416208,119.3388474940688,2,True,0.7189976,0.46931642,f64d5d70431a4a8fa0693e6afb9b17e7,f64d5d70431a4a8fa0693e6afb9b17e7|870225c86d8b4339aa7ce6661ab86040|684a55dcfe9c449f8564d48e5daf2f33|f7e5702d44204fd78bc6f9aa2070364c|abecc41135b043b1a0bda9fcb3115de8
d8cb88aa52314ed2ab206e8e50b8a9e1,1152,1.0,1,470880,113.31028974089637,2,True,0.60273343,0.5188508,870225c86d8b4339aa7ce6661ab86040,2ed6d9d600634482907c40f5e653545f|870225c86d8b4339aa7ce6661ab86040|684a55dcfe9c449f8564d48e5daf2f33|e1cb7daa87a44fcf8d4476c6821e6895|f7e5702d44204fd78bc6f9aa2070364c
6ba2d42243034469a9e4d703130dd861,1152,1.0,1,353060,119.2093021453373,2,True,0.72067785,0.4977657,870225c86d8b4339aa7ce6661ab86040,2ed6d9d600634482907c40f5e653545f|870225c86d8b4339aa7ce6661ab86040|684a55dcfe9c449f8564d48e5daf2f33|f7e5702d44204fd78bc6f9aa2070364c|abecc41135b043b1a0bda9fcb3115de8
eba7d0b689804114bf1f3d11a94c7578,985,1.0,1,109237,89.34978990635041,1,True,0.6318442,0.36447126,efd32a0784184992b8d9b7549872158f,efd32a0784184992b8d9b7549872158f|9cd3195e9bbd4331b566585403afa2c5|248667deaa1a4a4f84b26f2165ea193d|2eeb795215de4de495cda6dabd500d75|5851eb22f6104ec3824595cfd7e84454
0b65354c890945af8a67052eae9352b3,985,1.0,1,109077,96.29005198162766,1,True,0.65497255,0.2975431,efd32a0784184992b8d9b7549872158f,efd32a0784184992b8d9b7549872158f|248667deaa1a4a4f84b26f2165ea193d|9cd3195e9bbd4331b566585403afa2c5|6ad8ab44029548748f26b28fe970681d|dca6275103b748bca7d0c3c22e0cfbd6
33779f65d40a4c66886b7684cf6e4196,985,1.0,1,406190,112.89405603710462,1,True,0.6294421,0.24240306,1970130fabdf46b89f86269fb3c89ba1,1970130fabdf46b89f86269fb3c89ba1|1d56436d81914c87930091089ba2ad28|0d2920a7c7c84e338d579de4b0c907b7|9cd3195e9bbd4331b566585403afa2c5|2eeb795215de4de495cda6dabd500d75
f56331c4450544efba6dd94f5ce31afc,985,1.0,1,400905,95.91109182098765,1,True,0.65140176,0.2623895,1970130fabdf46b89f86269fb3c89ba1,1970130fabdf46b89f86269fb3c89ba1|9cd3195e9bbd4331b566585403afa2c5|1d56436d81914c87930091089ba2ad28|98cfd66705034edf8b2932673e64c24b|2eeb795215de4de495cda6dabd500d75
3d1e305250c24c8589f509170de2c96e,982,1.0,1,377364,145.29067546136102,1,True,0.26937926,0.30619976,26cc7dfc562340759677cce84f341278,26cc7dfc562340759677cce84f341278|f704bcc23c124b6c8b1ff1bc6d497a23|9f43cceedd4e4692aadefc29553e5a34|7c1acdde921545d5837fa430f05e0c51|4a5b141c1f414f68bd5aa7b43c74ef10
d0fa03169a3d4d2980c2229e8b2ba16b,982,1.0,1,379674,146.07269965277777,1,True,0.2487162,0.31652248,26cc7dfc562340759677cce84f341278,26cc7dfc562340759677cce84f341278|f704bcc23c124b6c8b1ff1bc6d497a23|9f43cceedd4e4692aadefc29553e5a34|9d1ed6a602094dfca83312b6c2beeb09|7c1acdde921545d5837fa430f05e0c51
9d96fd2586f3483080e057046bb01c8f,982,1.0,1,601680,151.897735060307,1,True,0.2755289,0.15939018,fc265073bee5421cb7ed40a661459f19,fc265073bee5421cb7ed40a661459f19|5e65c6dacf3d406db869a2c735160040|f704bcc23c124b6c8b1ff1bc6d497a23|f776ff5b53514c0f8a697f00a37d71e0|affbaf5b24db4fc484ce50c6dcfce382
20226d27ec7f423994c07fa2875d503e,1096,1.0,1,270844,121.87937272845275,5,True,0.53470397,0.33992866,ef158e53208b4687b48dced341014504,ef158e53208b4687b48dced341014504|478c4e4a35d7432f8d7f16153b1702c4|6c3395385d064f4ba64c931500a11d32|ede6b60cb44348ce9bf3699b700920ff|cae85d2846bc4be08debaebcffcc921f
7e29f5128c614f33af5b1db3ee942468,1096,0.0,99,257992,86.45484050445104,5,True,0.099311695,0.31028074,b221dae7fb7a4bcfbecc9727bdffc2ba,553cf78505c6462a840c70001fb14edd|84de49e45f00440dabe4132fc50c08b8|8c05c5c1293344a7aca8858429d92f78|1d499a5f71f44464bf28495831ab0a1f|cd6712e74b7f4341ac9c85c405cdcf9d
add16726aded4acea49f94c8e636e18d,660,1.0,1,249039,122.26378902409046,2,True,0.45597613,0.30261755,8829634db5fa4372a74e70585bfcdc91,8829634db5fa4372a74e70585bfcdc91|51736132520d41739e934db744368a6f|ea29948f88104555a34197a88f297279|56fd841efa844197a614a70b3784b7ae|bfc4d31c510b4348807ddc4c96f96593
cc91f39bef214514903d1963ac713d81,660,1.0,1,250242,122.20863050550551,2,True,0.4486203,0.27577186,8829634db5fa4372a74e70585bfcdc91,8829634db5fa4372a74e70585bfcdc91|51736132520d41739e934db744368a6f|ea29948f88104555a34197a88f297279|bfc4d31c510b4348807ddc4c96f96593|a27924365be34608a104be9a434bab29
7c474d4fef9c412793f36425ea8b7ce1,660,1.0,1,262596,122.16794104609929,2,True,0.4069404,0.19435337,52f66a2b92cf44eea064eecd38e079b0,52f66a2b92cf44eea064eecd38e079b0|51736132520d41739e934db744368a6f|ea29948f88104555a34197a88f297279|86ee6b4475ea4746a6bcc32e9e8f2544|a048b44e26a54c02aea10b9099c8fd26
435cbecc19f84b56b0c4249f6729697d,660,1.0,1,192881,26.015071614583334,2,True,0.32626414,0.4238143,52f66a2b92cf44eea064eecd38e079b0,52f66a2b92cf44eea064eecd38e079b0|8829634db5fa4372a74e70585bfcdc91|5c82302d33b54091b703ac1e159fc00c|4527dd2038b549d9b52e068035017204|8eae3742430444be93b88b710a06e49e
247b95dae6534a3ba1e897ea381730a8,660,1.0,1,264887,112.61682776526527,2,True,0.44637197,0.1804217,52f66a2b92cf44eea064eecd38e079b0,52f66a2b92cf44eea064eecd38e079b0|51736132520d41739e934db744368a6f|ea29948f88104555a34197a88f297279|86ee6b4475ea4746a6bcc32e9e8f2544|a048b44e26a54c02aea10b9099c8fd26
7fcf1b9d5b3542258d48f565b34da6c0,870,0.5,2,134932,144.05133142605635,1,True,0.46348816,0.5857803,5ffc2a5cf7a546e3b5b41a040cfdb2b9,78c1942839da41378caa7308f014aae5|5ffc2a5cf7a546e3b5b41a040cfdb2b9|18ffcda7895247f688ad16791072c368|ba4a1f2d55584ae8941ea89c13576890|b1030aea30f043c3b1e429d1c56d39fb
03b2a88771514eeab275526532591c85,870,1.0,1,256433,126.4875,1,True,0.5673165,0.40442753,d78f30df5b194025948c5ab55ae8d28c,d78f30df5b194025948c5ab55ae8d28c|18ffcda7895247f688ad16791072c368|78c1942839da41378caa7308f014aae5|ba4a1f2d55584ae8941ea89c13576890|b1030aea30f043c3b1e429d1c56d39fb
bd21ca88129a4c5d899190e8ad4e90ad,870,1.0,1,257520,129.7237425184162,1,True,0.5790029,0.4116938,d78f30df5b194025948c5ab55ae8d28c,d78f30df5b194025948c5ab55ae8d28c|18ffcda7895247f688ad16791072c368|78c1942839da41378caa7308f014aae5|ba4a1f2d55584ae8941ea89c13576890|b1030aea30f043c3b1e429d1c56d39fb
a32ba6154da64b459eb146cae42193e4,4,1.0,1,286615,98.18008492302543,1,True,0.1557107,0.16963284,44c452a6382a4423a9182b908e6e7df7,44c452a6382a4423a9182b908e6e7df7|d8d7b294c4bf45b28b61be878e5996d6|4b02c267cfd247f4a5ca2a61307ed2ac|20150b1d4ab44bf7900be0821a256bc3|2dd9fc92eb8046649c37f8f6c462fa6c
f2bf07d8f391428d838f881512c11c59,4,1.0,1,285048,68.3256789811066,1,True,0.20025332,0.239788,44c452a6382a4423a9182b908e6e7df7,44c452a6382a4423a9182b908e6e7df7|20150b1d4ab44bf7900be0821a256bc3|d8d7b294c4bf45b28b61be878e5996d6|4b02c267cfd247f4a5ca2a61307ed2ac|11e1bc04994b44da9f4109937c588aac
bf0c7ca1feff40aa9f907fc039622af5,4,0.5,2,312304,122.6246378821499,1,True,0.15350524,0.2844087,14d5a9fc8cce46b19957eeada24065ee,d8d7b294c4bf45b28b61be878e5996d6|14d5a9fc8cce46b19957eeada24065ee|4b02c267cfd247f4a5ca2a61307ed2ac|20150b1d4ab44bf7900be0821a256bc3|48950f2161a64e7180e638cea0369236
b0848d15aa504999aad8f3342df7a4c3,4,0.3333333333333333,3,313352,124.77092633928571,1,True,0.1662258,0.25085673,14d5a9fc8cce46b19957eeada24065ee,d8d7b294c4bf45b28b61be878e5996d6|4b02c267cfd247f4a5ca2a61307ed2ac|14d5a9fc8cce46b19957eeada24065ee|edabdf95ab254809a0a0a3689270dbeb|a048b44e26a54c02aea10b9099c8fd26
9176ef255fb8461abf0f72d07d87a267,816,1.0,1,319014,61.610167572463766,1,True,0.5353055,0.48056036,509c9df9dfcb4509a5676437750ce388,509c9df9dfcb4509a5676437750ce388|261aa5e36a2d49d1a5f8c027cd4dbbba|52eca33b9d8a44b483910d3e777185b3|b64f22beda0c4785ab30d227b3790794|11eddc1c3c3741688332c6c9a65bb4e1
c95ff4142b264b93b2d13692a66e074b,816,1.0,1,371145,98.80708808360478,1,True,0.51298946,0.31871343,94945598ed5d4204be76594b932b1695,94945598ed5d4204be76594b932b1695|b64f22beda0c4785ab30d227b3790794|261aa5e36a2d49d1a5f8c027cd4dbbba|11eddc1c3c3741688332c6c9a65bb4e1|52eca33b9d8a44b483910d3e777185b3
5489c5f6e7394ce9a53d892d3fa0fc75,816,1.0,1,335160,75.1814393939394,1,True,0.46960887,0.40014404,509c9df9dfcb4509a5676437750ce388,509c9df9dfcb4509a5676437750ce388|261aa5e36a2d49d1a5f8c027cd4dbbba|52eca33b9d8a44b483910d3e777185b3|b64f22beda0c4785ab30d227b3790794|11eddc1c3c3741688332c6c9a65bb4e1
e4d3adf2be5e40ca89d017fac2f6a5e2,816,1.0,1,383966,96.85493888012618,1,True,0.524758,0.37635022,94945598ed5d4204be76594b932b1695,94945598ed5d4204be76594b932b1695|32c41074aaff48e2b414b69e6871b895|b64f22beda0c4785ab30d227b3790794|261aa5e36a2d49d1a5f8c027cd4dbbba|11eddc1c3c3741688332c6c9a65bb4e1
b08c42632c1b46abb523f53665b0604e,923,1.0,1,175950,73.70159254807692,1,True,0.6803237,0.34791324,120c9a9cd413427dab54c65c16e491da,120c9a9cd413427dab54c65c16e491da|44fe4096dcc444a4bdd05238e9c09f90|6a1d4be4bd514bd9aa329e9950045c41|96ccb70f01bc479bb1dd977d52ee53d2|3a717ef240b14631821f8cee194b9d77
af0398c393b84f449392d00d4bdfeab2,923,1.0,1,348480,103.37344728090767,1,True,0.67893416,0.17669758,ecec80efbd9e42b9bb4c319d942a0dfe,ecec80efbd9e42b9bb4c319d942a0dfe|c1dd48950f94437ca5785b02bcb7ab75|6a1d4be4bd514bd9aa329e9950045c41|44fe4096dcc444a4bdd05238e9c09f90|ee04941de1104a6c94a2d07cf6657dce
842e97350e014534be291a3beecadd3d,923,1.0,1,177504,63.307413736979164,1,True,0.72167945,0.39176974,120c9a9cd413427dab54c65c16e491da,120c9a9cd413427dab54c65c16e491da|96ccb70f01bc479bb1dd977d52ee53d2|44fe4096dcc444a4bdd05238e9c09f90|48d92e6c2ce947feb97575a01e167ae5|3a717ef240b14631821f8cee194b9d77
f58426ea50a84c20ba9281497f4fc757,923,1.0,1,350064,99.06846281152647,1,True,0.6810296,0.17139152,ecec80efbd9e42b9bb4c319d942a0dfe,ecec80efbd9e42b9bb4c319d942a0dfe|c1dd48950f94437ca5785b02bcb7ab75|44fe4096dcc444a4bdd05238e9c09f90|3a717ef240b14631821f8cee194b9d77|408ba04855544593b8173e1de23d372a
93fd5f78614a47c89cffcb8f556be87b,170,1.0,1,644190,106.10661764705883,1,True,0.5285803,0.14394635,1f4e759d3fa94fa1b0541b146a40e1d9,1f4e759d3fa94fa1b0541b146a40e1d9|14a1e044792444549512c512637149b6|1862572b923642e593fdbc54d07c75b5|008d5ced1ac14476bb272b6ffb682932|d2306da1ee0e46928b9d78c0265ce3c3
b805494f5464419a919efe1ff113cdc0,170,1.0,1,510748,103.64414449257426,1,True,0.5382171,0.2257405,3550f8aac4724eb2a4922193d37bdb33,3550f8aac4724eb2a4922193d37bdb33|14a1e044792444549512c512637149b6|cd5ead4f82e646c9b4dcad5123ea9a4d|f9e088ead6a546959515c3f5da9789a7|849d281dc9aa4143a6d33f7153ada812
dcb2408a6ac7421e967194a13350d82b,170,1.0,1,508776,107.91222274046434,1,True,0.56071776,0.24772345,3550f8aac4724eb2a4922193d37bdb33,3550f8aac4724eb2a4922193d37bdb33|bec6e99d1ca5489e9ee86f6271816f16|14a1e044792444549512c512637149b6|cd5ead4f82e646c9b4dcad5123ea9a4d|f9e088ead6a546959515c3f5da9789a7
0f872fa7f0d04bea89c44c7a3626972c,1228,0.3333333333333333,3,474760,74.83835495283019,1,True,0.47496468,0.3331391,de0ef0c5e9bf438d807932ca29fec8d6,f4e982788f2d4032ba2c15834f59abc6|d05a5b1a335f4e83a1e5ffd75a69c7bb|de0ef0c5e9bf438d807932ca29fec8d6|06b6fd899f4140a692e8c941ccdfd346|f4a69bf7688044f39b00d77186e71a1a
6833b87ac592429f9b019bc03e5cbaaa,1228,0.14285714285714285,7,720318,139.72164269649622,1,True,0.24099201,0.28550506,15176bdecb8d4a1e90b73a82e4bbd577,54506d5acebf4174b6d6702a39374f12|76b516d366894d17879058950f835f5b|052d9565e1c545b69509364d80426804|5cabf3e68268472ca4a915a378c67e65|24854f6058d0495bb731f392cd390f66
2d804ac733674574ad056947c5f4647e,1228,0.3333333333333333,3,474501,73.13879024621212,1,True,0.4430337,0.34520504,de0ef0c5e9bf438d807932ca29fec8d6,f4e982788f2d4032ba2c15834f59abc6|d05a5b1a335f4e83a1e5ffd75a69c7bb|de0ef0c5e9bf438d807932ca29fec8d6|5cabf3e68268472ca4a915a378c67e65|06b6fd899f4140a692e8c941ccdfd346
a03ab6d09073499283b4fa10d1ae4c48,1228,1.0,1,540221,147.47535585732984,1,True,0.2750373,0.36813086,15176bdecb8d4a1e90b73a82e4bbd577,15176bdecb8d4a1e90b73a82e4bbd577|052d9565e1c545b69509364d80426804|ae00de811b514c0abc0bc74db2c1721b|5cabf3e68268472ca4a915a378c67e65|00b198c9bd9f45079a7bbcd420f09c49
89667e1d16d442c5be23ea04da6cd4c0,707,1.0,1,193519,72.09303014905149,1,True,0.3210138,0.29882157,32b564f3f00c4c7888f60e0c129c624d,32b564f3f00c4c7888f60e0c129c624d|3923e495d10940e59c9dc28e385058e7|fabd7b13569f4a04aac8e8ba6c0bb92f|2a776116956d49f7be17fe3aaf27fee2|803d1ba5219a4cf99de2ceb339d7d4c8
f86fbb195996443aac04585927734a77,707,1.0,1,606192,75.51407797029702,1,True,0.42317194,0.47751987,385140e7679d427293393f7639a01826,385140e7679d427293393f7639a01826|2a776116956d49f7be17fe3aaf27fee2|fabd7b13569f4a04aac8e8ba6c0bb92f|3923e495d10940e59c9dc28e385058e7|803d1ba5219a4cf99de2ceb339d7d4c8
7dba07eff9e64b4dad8812c29fef620d,707,1.0,1,606510,71.9861312984496,1,True,0.39950103,0.44638988,385140e7679d427293393f7639a01826,385140e7679d427293393f7639a01826|2a776116956d49f7be17fe3aaf27fee2|fabd7b13569f4a04aac8e8ba6c0bb92f|3923e495d10940e59c9dc28e385058e7|c2059b8b82944b1b86e1a561cc92f558
f3ae1dd3ae1945269c099a3f3cc043c5,707,1.0,1,194400,89.44341406955736,1,True,0.356179,0.29792675,32b564f3f00c4c7888f60e0c129c624d,32b564f3f00c4c7888f60e0c129c624d|2a776116956d49f7be17fe3aaf27fee2|fabd7b13569f4a04aac8e8ba6c0bb92f|3923e495d10940e59c9dc28e385058e7|803d1ba5219a4cf99de2ceb339d7d4c8
2f9adf38847a4a8087cd7bf154e5a2ec,1097,1.0,1,251344,98.40899255233495,1,True,0.6567288,0.47703028,b4875f9df85a4800b49e07a9115376f6,b4875f9df85a4800b49e07a9115376f6|944dbf53512c45eda5381d04c1edb725|34122c9ca00245a3b664e9ce90305f58|954b5da485f94634a090640b1ad5d37a|db4a53e44a4b4f03af9ec0b1ecbf4c84
836205998c084dbc8ca6a2f123f68aa1,1097,1.0,1,254380,103.28461717091295,1,True,0.67011535,0.44873637,8bbaa60e430c4440ab40df7f3df4889a,8bbaa60e430c4440ab40df7f3df4889a|34122c9ca00245a3b664e9ce90305f58|944dbf53512c45eda5381d04c1edb725|954b5da485f94634a090640b1ad5d37a|db4a53e44a4b4f03af9ec0b1ecbf4c84
b8b26fc92d3e4a2bb84ff7cef5afff5c,1097,1.0,1,344470,81.83469498910675,1,True,0.7100275,0.1438018,8bbaa60e430c4440ab40df7f3df4889a,8bbaa60e430c4440ab40df7f3df4889a|dd1ff52076ea47b2b0e4f3a4f322cf6e|34122c9ca00245a3b664e9ce90305f58|944dbf53512c45eda5381d04c1edb725|954b5da485f94634a090640b1ad5d37a
8f3cefd9c38443f38a7c0c160582287f,1097,1.0,1,253080,97.38549178685898,1,True,0.6643946,0.4551626,b4875f9df85a4800b49e07a9115376f6,b4875f9df85a4800b49e07a9115376f6|944dbf53512c45eda5381d04c1edb725|34122c9ca00245a3b664e9ce90305f58|954b5da485f94634a090640b1ad5d37a|db4a53e44a4b4f03af9ec0b1ecbf4c84
bf02b455f45b4c1bbaeef7fb5d4bd307,1178,1.0,1,359352,106.59700761070111,1,True,0.5861056,0.2693881,6fe521f23cb942de947c8634ec8d7bfe,6fe521f23cb942de947c8634ec8d7bfe|9ef9955726744d479b3498441c2f250f|501d491d76e84f42b5ef8e2f1b915b34|8921db6c4e104fc5b5180413255294ac|c162861bee6646e9aa94d5ae501c549f
4d80c464f3404538b3b181110b9155cc,1178,1.0,1,232934,100.81235442546584,1,True,0.5120553,0.42284393,6fe521f23cb942de947c8634ec8d7bfe,6fe521f23cb942de947c8634ec8d7bfe|501d491d76e84f42b5ef8e2f1b915b34|8921db6c4e104fc5b5180413255294ac|9ef9955726744d479b3498441c2f250f|c162861bee6646e9aa94d5ae501c549f
c2cd6d4c79a04f4088954a966900ab39,1178,1.0,1,565268,128.8879550240674,1,True,0.51501554,0.2625447,b3519e1122734d4d996a9669c416d700,b3519e1122734d4d996a9669c416d700|9ef9955726744d479b3498441c2f250f|8921db6c4e104fc5b5180413255294ac|501d491d76e84f42b5ef8e2f1b915b34|1a1602caa4414156a1d0a41c3b4e4c3a
7f81e15eeb39447eb44cffa920bc3f86,1178,1.0,1,387658,109.1367994100295,1,True,0.6838481,0.25605243,b3519e1122734d4d996a9669c416d700,b3519e1122734d4d996a9669c416d700|9ef9955726744d479b3498441c2f250f|501d491d76e84f42b5ef8e2f1b915b34|8921db6c4e104fc5b5180413255294ac|c162861bee6646e9aa94d5ae501c549f
f89e47fda3624347bacf4a371420ee16,918,0.25,4,168264,98.23023847802787,1,True,0.39913636,0.4554671,2dd9fc92eb8046649c37f8f6c462fa6c,6cf87941d7ac4940868b6617ee88eee2|a7050c1ef361424f8e70c84a1b03f9af|ea8602328edc4011b2e66d963681eee4|2dd9fc92eb8046649c37f8f6c462fa6c|5f46394e7920462cb0f41f1fc5045845
ebfd2d8c85274c589bbadb62885f5c16,918,1.0,1,216800,46.81710100117785,1,True,0.3790489,0.3697436,1defaf2d048d46ce9dfdc3beb7ece76d,1defaf2d048d46ce9dfdc3beb7ece76d|6cf87941d7ac4940868b6617ee88eee2|ea8602328edc4011b2e66d963681eee4|a7050c1ef361424f8e70c84a1b03f9af|5f46394e7920462cb0f41f1fc5045845
7a5ebf58365143a5b1c1e3f776d1d54e,918,0.25,4,168633,80.85205813172043,1,True,0.40106988,0.42675492,2dd9fc92eb8046649c37f8f6c462fa6c,6cf87941d7ac4940868b6617ee88eee2|a7050c1ef361424f8e70c84a1b03f9af|ea8602328edc4011b2e66d963681eee4|2dd9fc92eb8046649c37f8f6c462fa6c|5f46394e7920462cb0f41f1fc5045845
8ecb434a9edf4b269522ecf5af0fb0ce,918,0.2,5,217217,41.96706228222997,1,True,0.28562582,0.41097456,1defaf2d048d46ce9dfdc3beb7ece76d,ea8602328edc4011b2e66d963681eee4|a7050c1ef361424f8e70c84a1b03f9af|5f46394e7920462cb0f41f1fc5045845|14d5a9fc8cce46b19957eeada24065ee|1defaf2d048d46ce9dfdc3beb7ece76d
26e4a7c4215849079ca75eb4f1f0d734,455,1.0,1,525798,70.15064380787037,2,True,0.7838336,0.5051157,4fa36e27057c47d1a67ef08b1eddf0ad,4fa36e27057c47d1a67ef08b1eddf0ad|3eb16aaa29f043c08ae5b54dee7d9725|b5d548becbb3460ab5f92657f4412f75|21747e618d8348d59e9cc70415ef4685|a39686ca19aa487d8c14d1fcfffbc84b
9fe4c9061cd64cf199d03d7a0ae4b325,455,1.0,1,537856,79.56921639595103,2,True,0.8225448,0.5000436,4fa36e27057c47d1a67ef08b1eddf0ad,4fa36e27057c47d1a67ef08b1eddf0ad|3eb16aaa29f043c08ae5b54dee7d9725|b5d548becbb3460ab5f92657f4412f75|21747e618d8348d59e9cc70415ef4685|a39686ca19aa487d8c14d1fcfffbc84b
0fbdcadb4f4a4d3587e409bcceee1035,455,1.0,1,507828,109.85337042865707,2,True,0.70382124,0.45552972,4fa36e27057c47d1a67ef08b1eddf0ad,4fa36e27057c47d1a67ef08b1eddf0ad|55b72c44a0c1402b874bf14a8b2d5676|21747e618d8348d59e9cc70415ef4685|a39686ca19aa487d8c14d1fcfffbc84b|b5d548becbb3460ab5f92657f4412f75
d4db1620ab314df49d1c128102eccede,455,1.0,1,506884,111.85989583333334,2,True,0.6494824,0.4387744,4fa36e27057c47d1a67ef08b1eddf0ad,4fa36e27057c47d1a67ef08b1eddf0ad|55b72c44a0c1402b874bf14a8b2d5676|21747e618d8348d59e9cc70415ef4685|b5d548becbb3460ab5f92657f4412f75|a39686ca19aa487d8c14d1fcfffbc84b
42c3e883586e472f930129cab9250438,455,1.0,1,512710,119.35948247354497,2,True,0.7995815,0.48010063,55b72c44a0c1402b874bf14a8b2d5676,55b72c44a0c1402b874bf14a8b2d5676|3eb16aaa29f043c08ae5b54dee7d9725|21747e618d8348d59e9cc70415ef4685|b5d548becbb3460ab5f92657f4412f75|a39686ca19aa487d8c14d1fcfffbc84b
6566af75e5e64e67b444c369e55875e7,742,1.0,1,502619,105.18421178955454,2,True,0.5236826,0.20929547,4b02c267cfd247f4a5ca2a61307ed2ac,4b02c267cfd247f4a5ca2a61307ed2ac|d8d7b294c4bf45b28b61be878e5996d6|14d5a9fc8cce46b19957eeada24065ee|44c452a6382a4423a9182b908e6e7df7|6d63690a8bb344e89392ec1b1930906f
514186a4827343f191cd8f9522d2dbef,742,1.0,1,366690,130.4108168658088,2,True,0.69618785,0.26818892,4b02c267cfd247f4a5ca2a61307ed2ac,4b02c267cfd247f4a5ca2a61307ed2ac|20150b1d4ab44bf7900be0821a256bc3|44c452a6382a4423a9182b908e6e7df7|14d5a9fc8cce46b19957eeada24065ee|bde4256b5a86460ab21a63ff67d7f908
5253c8a74f094dab97be64c1342d559c,742,1.0,1,735980,110.25571322278911,2,True,0.6226227,0.25736842,d8d7b294c4bf45b28b61be878e5996d6,d8d7b294c4bf45b28b61be878e5996d6|20150b1d4ab44bf7900be0821a256bc3|14d5a9fc8cce46b19957eeada24065ee|44c452a6382a4423a9182b908e6e7df7|bde4256b5a86460ab21a63ff67d7f908
e173b665b18b463399ef9398fe19bbfb,742,1.0,1,384848,121.73696101916376,2,True,0.7302822,0.24687159,4b02c267cfd247f4a5ca2a61307ed2ac,4b02c267cfd247f4a5ca2a61307ed2ac|20150b1d4ab44bf7900be0821a256bc3|44c452a6382a4423a9182b908e6e7df7|14d5a9fc8cce46b19957eeada24065ee|6d63690a8bb344e89392ec1b1930906f
b63df0372bbe41c2a0e9e4d46b750555,742,1.0,1,489207,110.31056415929204,2,True,0.51598084,0.25096554,4b02c267cfd247f4a5ca2a61307ed2ac,d8d7b294c4bf45b28b61be878e5996d6|4b02c267cfd247f4a5ca2a61307ed2ac|14d5a9fc8cce46b19957eeada24065ee|44c452a6382a4423a9182b908e6e7df7|6d63690a8bb344e89392ec1b1930906f
116c493e71324b7aabd64667ae6fc73e,623,1.0,1,327714,67.34438194444445,1,True,0.66742796,0.30970195,7d120d655d3146c2859cbceaa99ccc40,7d120d655d3146c2859cbceaa99ccc40|f017157541f04dd28c1b677372a97c00|30691cdbebbc45f889447dea9a2fc611|2772b3eefacb4003b878aad04ef991f8|fe1f3e70d82b4fee8b1164281b27939d
39cf432c619a406f8f95c1d50395caa6,623,1.0,1,348552,69.425,1,True,0.6808444,0.28778514,7d120d655d3146c2859cbceaa99ccc40,7d120d655d3146c2859cbceaa99ccc40|f017157541f04dd28c1b677372a97c00|30691cdbebbc45f889447dea9a2fc611|2772b3eefacb4003b878aad04ef991f8|fe1f3e70d82b4fee8b1164281b27939d
38ce4d5389a247ea93734ebc9b77a13d,623,1.0,1,219308,82.51720470470471,1,True,0.69958645,0.2488638,8cce315a9799468d9593586cfda00bb3,8cce315a9799468d9593586cfda00bb3|f017157541f04dd28c1b677372a97c00|30691cdbebbc45f889447dea9a2fc611|b4e9ade097e54b81b637ad7ba08f04db|db4a53e44a4b4f03af9ec0b1ecbf4c84
158a43d324ec4ef191b3ff0875316a4b,623,1.0,1,215568,116.96438096134538,1,True,0.54003334,0.32617235,8cce315a9799468d9593586cfda00bb3,8cce315a9799468d9593586cfda00bb3|f017157541f04dd28c1b677372a97c00|30691cdbebbc45f889447dea9a2fc611|2772b3eefacb4003b878aad04ef991f8|fe1f3e70d82b4fee8b1164281b27939d
04fb2ee1877349ddb21df94c2b600cf7,1466,1.0,1,373056,79.59359750375376,3,True,0.6521552,0.30451927,20989b84dc76437fae42cafa68b02593,20989b84dc76437fae42cafa68b02593|38eef0976a5e42279cd8942c47d58744|d7095ed81e044147b22deb5e24abc374|8c05c5c1293344a7aca8858429d92f78|76175e4b08ea40f996dcba9eccd50dcf
0a7d73c39a4c4174b2894057dd3f74ab,1466,1.0,1,335472,57.18393250338753,3,True,0.68071043,0.33762023,38eef0976a5e42279cd8942c47d58744,39a30a5e5dc04f87beafc7b4c51f86c1|38eef0976a5e42279cd8942c47d58744|d7095ed81e044147b22deb5e24abc374|8c05c5c1293344a7aca8858429d92f78|3cb208cbba254982b38591fa5ebce89e
7cc7b32451a64bf9a7ee7008e1da4fb5,1466,1.0,1,368339,75.95960022522523,3,True,0.672552,0.15311243,20989b84dc76437fae42cafa68b02593,20989b84dc76437fae42cafa68b02593|38eef0976a5e42279cd8942c47d58744|d7095ed81e044147b22deb5e24abc374|cd517b4a4fc34c8e8f89821e79247243|8c05c5c1293344a7aca8858429d92f78
4c3519439f6c4f9aa67f6c785770dfc5,1466,1.0,1,304181,119.07680171009773,3,True,0.6614172,0.33438784,38eef0976a5e42279cd8942c47d58744,38eef0976a5e42279cd8942c47d58744|20989b84dc76437fae42cafa68b02593|39a30a5e5dc04f87beafc7b4c51f86c1|8c05c5c1293344a7aca8858429d92f78|3cb208cbba254982b38591fa5ebce89e
6c78bc024a4f48939f346c67f8253b62,67,1.0,1,876606,133.17302664342628,1,True,0.67114073,0.41542408,6b2aa378d6074e82ab35cd6c1e7148ab,6b2aa378d6074e82ab35cd6c1e7148ab|e2a7145a17094ca8b32206f00e35cca3|c2059b8b82944b1b86e1a561cc92f558|3923e495d10940e59c9dc28e385058e7|2a776116956d49f7be17fe3aaf27fee2
505e86e3b0f64d4f9150e6d4123b5035,67,1.0,1,550282,131.88861891945774,1,True,0.68017596,0.3137232,19472f835fa747dc9c352cefcd8c8df3,19472f835fa747dc9c352cefcd8c8df3|e2a7145a17094ca8b32206f00e35cca3|c2059b8b82944b1b86e1a561cc92f558|2bae42c456274091896d9b9f7b2c52b8|9cd3195e9bbd4331b566585403afa2c5
1a730c6747054be2a8dcbfa49dc58422,67,1.0,1,190440,140.95717592592592,1,True,0.6080407,0.26994193,19472f835fa747dc9c352cefcd8c8df3,19472f835fa747dc9c352cefcd8c8df3|e2a7145a17094ca8b32206f00e35cca3|3923e495d10940e59c9dc28e385058e7|c2059b8b82944b1b86e1a561cc92f558|aa442d593f20489f9e53b680ae7b2e89
7cab0ca30ba7404091cd97424839b05b,67,1.0,1,877363,124.9086051626826,1,True,0.66576433,0.41700867,6b2aa378d6074e82ab35cd6c1e7148ab,6b2aa378d6074e82ab35cd6c1e7148ab|e2a7145a17094ca8b32206f00e35cca3|c2059b8b82944b1b86e1a561cc92f558|3923e495d10940e59c9dc28e385058e7|32b564f3f00c4c7888f60e0c129c624d
f944dbfd84b9413ab03518aadf467e88,704,1.0,1,160912,89.81487996688742,1,True,0.45372716,0.36267266,1d56436d81914c87930091089ba2ad28,1d56436d81914c87930091089ba2ad28|cde864ac131648378c5e23dc2658ffe4|a733d1bc5af4431aa526328616010c83|a954ca18ce4c4be19126a73a536c9d02|620f0d06a77645a9bd3fa2a702ce8311
92e8c855631e4e3592e1d5c0faf6f5d2,704,1.0,1,105820,101.91958986958987,1,True,0.61201805,0.33020458,0d2920a7c7c84e338d579de4b0c907b7,0d2920a7c7c84e338d579de4b0c907b7|78d557e45b2c4e008860c400b162d0d1|a733d1bc5af4431aa526328616010c83|a1d81a64d7f0418b88bdeb0760daae0c|496d8bd8415d43c3a217b265706e8329
64385d8eb9a7417a876361b01ce0210d,704,1.0,1,102017,106.37912308732858,1,True,0.49997285,0.1345342,0d2920a7c7c84e338d579de4b0c907b7,0d2920a7c7c84e338d579de4b0c907b7|1970130fabdf46b89f86269fb3c89ba1|a733d1bc5af4431aa526328616010c83|cde864ac131648378c5e23dc2658ffe4|a1d81a64d7f0418b88bdeb0760daae0c
4860893b5785431ebb28f76c7c2e63b3,704,1.0,1,200934,90.72366333007812,1,True,0.5706371,0.30988878,1d56436d81914c87930091089ba2ad28,1d56436d81914c87930091089ba2ad28|cde864ac131648378c5e23dc2658ffe4|3a717ef240b14631821f8cee194b9d77|620f0d06a77645a9bd3fa2a702ce8311|78d557e45b2c4e008860c400b162d0d1
1ee0c3dbbcc6426d97290988799ee735,267,1.0,1,313812,102.6505829782197,1,True,0.6714096,0.11899848,eb32ca278df1482198dcc6c9e33b19be,eb32ca278df1482198dcc6c9e33b19be|59fdb0273ecd449ea0fa306f14fc28b3|55b72c44a0c1402b874bf14a8b2d5676|e41d2c9d21594adf95bf12ee920d4a97|4fa36e27057c47d1a67ef08b1eddf0ad
bf17987b15d44a0daf12691c10f5d1aa,267,1.0,1,260533,157.42613444669365,1,True,0.7004454,0.28069964,ed90c9732ed34546a0a5616d2ae1f3de,ed90c9732ed34546a0a5616d2ae1f3de|e41d2c9d21594adf95bf12ee920d4a97|0bc3b834d3544a709653998b775f591c|4fa36e27057c47d1a67ef08b1eddf0ad|55b72c44a0c1402b874bf14a8b2d5676
2919318807404a7da0a16a3ea593da97,267,1.0,1,399000,116.89485677083333,1,True,0.71036756,0.3408606,eb32ca278df1482198dcc6c9e33b19be,eb32ca278df1482198dcc6c9e33b19be|4fa36e27057c47d1a67ef08b1eddf0ad|55b72c44a0c1402b874bf14a8b2d5676|3eb16aaa29f043c08ae5b54dee7d9725|e9982140b08d4812b40b3b138eb7b347
19fdabd2420247379741d197e6e7c4ad,267,1.0,1,263494,146.1478309069612,1,True,0.7324543,0.3862095,ed90c9732ed34546a0a5616d2ae1f3de,ed90c9732ed34546a0a5616d2ae1f3de|4fa36e27057c47d1a67ef08b1eddf0ad|55b72c44a0c1402b874bf14a8b2d5676|3eb16aaa29f043c08ae5b54dee7d9725|e41d2c9d21594adf95bf12ee920d4a97
45b83e7ee23645f589a9736fcadb5761,1136,0.5,2,197000,99.41053871012102,1,True,0.38726604,0.48250976,29aac2c6e4eb47fe99d4a5a26e1cdb87,c4debdb813de42488347a61fe9844099|29aac2c6e4eb47fe99d4a5a26e1cdb87|2f8eb75ad722467b84ba20d5e4a5fbef|2110cddae6a442dda993c55a12921e3b|17235c85ac6e46dfaee5cadec0b0567e
900cd9a9acac4995a445f72987b374df,1136,0.5,2,197788,99.71908741694352,1,True,0.3862514,0.5048536,29aac2c6e4eb47fe99d4a5a26e1cdb87,c4debdb813de42488347a61fe9844099|29aac2c6e4eb47fe99d4a5a26e1cdb87|2f8eb75ad722467b84ba20d5e4a5fbef|2110cddae6a442dda993c55a12921e3b|61d260752f724f50b8ac73645d821c3a
770d98e9eadd458896684fd85b48d321,1136,1.0,1,219564,105.25144856770834,1,True,0.3948252,0.2436253,d39d1f38b5f740c6802a529814d77923,d39d1f38b5f740c6802a529814d77923|c4debdb813de42488347a61fe9844099|2f8eb75ad722467b84ba20d5e4a5fbef|b1f8016a14154795b748690ab650f8fd|2110cddae6a442dda993c55a12921e3b
24cb4c2da31a4a668ec21b9e9f709bed,1136,1.0,1,217852,131.69634449174407,1,True,0.3472931,0.26532868,d39d1f38b5f740c6802a529814d77923,d39d1f38b5f740c6802a529814d77923|c4debdb813de42488347a61fe9844099|78d557e45b2c4e008860c400b162d0d1|aa3e6673999146b9ae569c3a1a0d1827|68d65a559e9c40868445acd88ea1deaf
5d9e859846fe4bc2be1b271ff1fb6957,440,0.3666666666666667,3,259420,76.39155783582089,2,True,0.47726905,0.33356702,6c30bfc2917742918b35c7b62465bdbc,64d14f52a6924c8c8f25bc7fa5185c77|0115e7920895461aa56662639a207ee1|6c30bfc2917742918b35c7b62465bdbc|74f84b1a200b4b24b3bc440f6f613b91|008d5ced1ac14476bb272b6ffb682932
d94511e52aca4b58905697123667cf39,440,0.41666666666666663,3,396891,86.42772066885965,2,True,0.5214562,0.49995053,008d5ced1ac14476bb272b6ffb682932,74f84b1a200b4b24b3bc440f6f613b91|0115e7920895461aa56662639a207ee1|320dddb505f9441dadce8897703ee453|008d5ced1ac14476bb272b6ffb682932|64d14f52a6924c8c8f25bc7fa5185c77
04b51a6d2f82403b8076c31ea8215300,440,0.41666666666666663,3,493584,76.22211049229924,2,True,0.5402909,0.5435569,320dddb505f9441dadce8897703ee453,74f84b1a200b4b24b3bc440f6f613b91|0115e7920895461aa56662639a207ee1|320dddb505f9441dadce8897703ee453|008d5ced1ac14476bb272b6ffb682932|64d14f52a6924c8c8f25bc7fa5185c77
f5be291b79b240f7bce410e42249b8c6,440,0.41666666666666663,2,684388,95.50265257125155,2,True,0.5342825,0.54745793,6c30bfc2917742918b35c7b62465bdbc,74f84b1a200b4b24b3bc440f6f613b91|6c30bfc2917742918b35c7b62465bdbc|0115e7920895461aa56662639a207ee1|1862572b923642e593fdbc54d07c75b5|1d55fd18105e4b078e18be97715b4eb9
800a43d7b0a245e29d7076c9ad5d6d70,440,0.41666666666666663,3,257040,74.90574919871794,2,True,0.45007628,0.45618826,6c30bfc2917742918b35c7b62465bdbc,0115e7920895461aa56662639a207ee1|74f84b1a200b4b24b3bc440f6f613b91|6c30bfc2917742918b35c7b62465bdbc|008d5ced1ac14476bb272b6ffb682932|64d14f52a6924c8c8f25bc7fa5185c77
940aa08379b94a8aa3e82d0b50a95dba,1368,0.0,99,338940,94.2378128175813,1,True,0.24608305,0.42200193,b7f109546f3e447fb87515f35d202127,762a981e62a4491e9ed2f7d5c520844f|cf5ecb3437024bad8dbe8b3fd0a6d875|3ed52f12f44a43bba8f61bf750b213c4|1878b774e33140b49cc521336eb70eeb|bec6e99d1ca5489e9ee86f6271816f16
7341027951614dd988c902cd11c89d27,1368,0.0,99,371770,89.81281565656566,1,True,0.19234008,0.4286467,b7f109546f3e447fb87515f35d202127,762a981e62a4491e9ed2f7d5c520844f|3ed52f12f44a43bba8f61bf750b213c4|344a17a7c02948fb9a1e7f75553f324d|cf5ecb3437024bad8dbe8b3fd0a6d875|1878b774e33140b49cc521336eb70eeb
465ec7faefa54b64bcc7e3204c5cb4c3,705,1.0,1,306535,128.6384126828631,2,True,0.5844632,0.5420667,bc45a47e13bf47a992085c43661cd217,bc45a47e13bf47a992085c43661cd217|44dbb346887a4b28bc50c147aae5d781|3a7959c266094a82835b0bef9f2a3f25|e90a5fce539e49ef8c39d2bb561f860f|ad3301e7827d48fbbcd28da281cf72ac
d034e56f6ab24765a25f88d4642d420e,705,1.0,1,483483,61.66207837301587,2,True,0.7221928,0.36563206,44dbb346887a4b28bc50c147aae5d781,44dbb346887a4b28bc50c147aae5d781|da7552bcc2c24a73bcf7c0af907cc8c9|fc57db4642fc4a56bc0d2b0493b96948|e90a5fce539e49ef8c39d2bb561f860f|3a7959c266094a82835b0bef9f2a3f25
ae6bc813bb784c949cf25f3c324c37d3,705,1.0,1,305321,131.88553950471697,2,True,0.6135843,0.529198,bc45a47e13bf47a992085c43661cd217,bc45a47e13bf47a992085c43661cd217|44dbb346887a4b28bc50c147aae5d781|3a7959c266094a82835b0bef9f2a3f25|e90a5fce539e49ef8c39d2bb561f860f|ad3301e7827d48fbbcd28da281cf72ac
9b95dc7a2640446381e2bb39211bf3d0,705,1.0,1,482944,54.332837301587304,2,True,0.7276951,0.3289706,44dbb346887a4b28bc50c147aae5d781,44dbb346887a4b28bc50c147aae5d781|da7552bcc2c24a73bcf7c0af907cc8c9|fc57db4642fc4a56bc0d2b0493b96948|e90a5fce539e49ef8c39d2bb561f860f|3a7959c266094a82835b0bef9f2a3f25
a3dbb597ea7449658bb201595ed344cd,705,1.0,1,154071,63.79624399038462,2,True,0.5219641,0.30010247,bc45a47e13bf47a992085c43661cd217,bc45a47e13bf47a992085c43661cd217|da7552bcc2c24a73bcf7c0af907cc8c9|e90a5fce539e49ef8c39d2bb561f860f|3a7959c266094a82835b0bef9f2a3f25|b437ba41530a4b78b99c2a982bf6b8a2
67d04391afdb4983bd19c833e64bb668,1280,0.0,99,344088,119.47789351851851,1,True,0.35012332,0.25653994,e0d0d28492e04d9daa4aafffe0cf69e7,24ba40b8273f4683ad72100451fc046a|422591f8e9da43c58dc8d535205cb5dc|b0ed62b1e060407a8626082c4b12d3fd|2e0a7baaa678405fbd3fe75e007cad8d|edb9a7d4b2c24ba89b392972f90a462c
8c871dad1fc74d45a18aed861fae5443,1280,0.0,99,346212,119.33072084664536,1,True,0.3763505,0.2543158,e0d0d28492e04d9daa4aafffe0cf69e7,24ba40b8273f4683ad72100451fc046a|422591f8e9da43c58dc8d535205cb5dc|edb9a7d4b2c24ba89b392972f90a462c|74f84b1a200b4b24b3bc440f6f613b91|67930fdb525b4684afd00a0cbebeef61
b60a84a8b21d41f79afdc54e6b8c3636,1110,1.0,1,187860,156.68452937874252,1,True,0.4441601,0.16553617,bee70e100e2b404ea294a1aa1f19f2e0,bee70e100e2b404ea294a1aa1f19f2e0|0d2920a7c7c84e338d579de4b0c907b7|a1d81a64d7f0418b88bdeb0760daae0c|d37b6f95ee0748c5baf881b888668921|89dfb17d7aeb4b549835a75fa7ad0747
14c52fee69cc4ae3a8666d34bd8bc7ef,1110,1.0,1,250416,130.09556084437085,1,True,0.3998289,0.34354478,a154b7e542cc4f12b353e79cde3419e8,a154b7e542cc4f12b353e79cde3419e8|d37b6f95ee0748c5baf881b888668921|89dfb17d7aeb4b549835a75fa7ad0747|a1d81a64d7f0418b88bdeb0760daae0c|fbb5ad5f6f204ef5a15c7a0584d32c67
9066be0126cf48f2b649c8ea0e9eb7cb,1110,1.0,1,183150,138.1857438760807,1,True,0.4486308,0.16695303,bee70e100e2b404ea294a1aa1f19f2e0,bee70e100e2b404ea294a1aa1f19f2e0|0d2920a7c7c84e338d579de4b0c907b7|d37b6f95ee0748c5baf881b888668921|89dfb17d7aeb4b549835a75fa7ad0747|a954ca18ce4c4be19126a73a536c9d02
4859f03492fb493dbd0df2a727ae6d21,1110,1.0,1,247720,114.76760416666667,1,True,0.390491,0.3751833,a154b7e542cc4f12b353e79cde3419e8,a154b7e542cc4f12b353e79cde3419e8|d37b6f95ee0748c5baf881b888668921|89dfb17d7aeb4b549835a75fa7ad0747|a1d81a64d7f0418b88bdeb0760daae0c|fbb5ad5f6f204ef5a15c7a0584d32c67
cbf7792babf0425f87461e0a54b309d3,1463,0.0,99,314384,81.10548260195036,1,True,0.1287621,0.27518278,9cd3195e9bbd4331b566585403afa2c5,17c41f0277cf40a2946e68246b8b8512|2eeb795215de4de495cda6dabd500d75|3ed52f12f44a43bba8f61bf750b213c4|bec6e99d1ca5489e9ee86f6271816f16|242ecdbe127a4ba79a318c333de8bd44
63c46a7730834925b7be2d68e751d282,1463,1.0,1,357383,87.03792252342704,1,True,0.7310095,0.48762324,9cd3195e9bbd4331b566585403afa2c5,9cd3195e9bbd4331b566585403afa2c5|b6fb4da71d53476e84c185e9372a92e8|6b6282bd84ae4a7a99add11800812337|98cfd66705034edf8b2932673e64c24b|5046f4617ef84b66a65951d53bc8c8af
5ec615b8d01345b894a5e6887c00c4b4,1463,0.0,99,643566,51.9293573943662,1,True,0.19061282,0.44855657,cd6712e74b7f4341ac9c85c405cdcf9d,b6fb4da71d53476e84c185e9372a92e8|6b6282bd84ae4a7a99add11800812337|98cfd66705034edf8b2932673e64c24b|aac8c5dbda5e4125b2a9453a56b20638|5046f4617ef84b66a65951d53bc8c8af
567308f1e8f54303b855efad0abda16b,1463,0.0,99,637584,46.64912865323855,1,True,0.1745849,0.48453057,cd6712e74b7f4341ac9c85c405cdcf9d,6b6282bd84ae4a7a99add11800812337|b6fb4da71d53476e84c185e9372a92e8|98cfd66705034edf8b2932673e64c24b|aac8c5dbda5e4125b2a9453a56b20638|5046f4617ef84b66a65951d53bc8c8af
c582dc3db77042698a441d76cc856afe,90,0.14285714285714285,7,427372,115.03090277777778,1,True,0.40445203,0.59283376,0987c57c7c9741849c4a18d71fecd395,9ed00d9589bb44b4b80c94751c33bb0c|16fa1dd6af6f4b5da0c08f68dd15da85|cfb3e1fa07d64448a2ef30755fc40e31|9aed07ab8e1d4d8394f656466f85386a|26742e01ab184ab5b581b2a0895e8347
ed88cfe485674b71bf354ed29c93c8e6,90,0.0,99,163878,74.3545397782651,1,True,0.39545104,0.60046405,f12103e1448741c5afd9e12fa4188d45,fd8303ddca7a4342afed1b21ba82d65b|26742e01ab184ab5b581b2a0895e8347|20989b84dc76437fae42cafa68b02593|9aed07ab8e1d4d8394f656466f85386a|6e4f5f87a1fe4b55b0656a2630e9b9b4
82f4622142cd4c809f21f8ba0ee4cd39,90,0.14285714285714285,7,401135,130.32669791666666,1,True,0.3542039,0.6159457,0987c57c7c9741849c4a18d71fecd395,16fa1dd6af6f4b5da0c08f68dd15da85|9ed00d9589bb44b4b80c94751c33bb0c|cfb3e1fa07d64448a2ef30755fc40e31|9aed07ab8e1d4d8394f656466f85386a|26742e01ab184ab5b581b2a0895e8347
6eddd7c5f67d45e2bed3d9cf25ba2793,1204,1.0,1,247744,97.53182991946778,1,True,0.6166427,0.3289593,1df655160bce48ec96909eb1b2de560b,1df655160bce48ec96909eb1b2de560b|515e9f025c054515ad16e92d13bf9f93|e293cba4b80340f0b78166602fc46e44|fc1c73e86c63469b8fedd158425af6fc|aab87e0ce41b44d3bbbc800c6afb228f
e9f66f92006248b486e7e75bd714a05d,1204,1.0,1,247650,96.57856638418079,1,True,0.6525157,0.3176751,1df655160bce48ec96909eb1b2de560b,1df655160bce48ec96909eb1b2de560b|515e9f025c054515ad16e92d13bf9f93|e293cba4b80340f0b78166602fc46e44|aab87e0ce41b44d3bbbc800c6afb228f|f979aac10d444b1ca119529922e149fd
082c884ac15d4e53aaf330666b5f2de9,1204,0.25,4,274946,110.917431640625,1,True,0.1700826,0.27476063,e2e37fe3b48d4ad398912c5679f75e45,e293cba4b80340f0b78166602fc46e44|515e9f025c054515ad16e92d13bf9f93|f979aac10d444b1ca119529922e149fd|e2e37fe3b48d4ad398912c5679f75e45|aab87e0ce41b44d3bbbc800c6afb228f
e2c359e3467e466bba59de357c5054a6,1204,0.2,5,276759,115.22268840020575,1,True,0.16618663,0.2891431,e2e37fe3b48d4ad398912c5679f75e45,e293cba4b80340f0b78166602fc46e44|515e9f025c054515ad16e92d13bf9f93|f979aac10d444b1ca119529922e149fd|3c780ad3dead4ff1a7dffaef048f5c27|e2e37fe3b48d4ad398912c5679f75e45
66b0916418ed486eba7605fd438dc473,1408,1.0,1,433716,135.16961251477542,1,True,0.5570868,0.43867323,74fa32c884b94fe9b57f7d00728ceb12,74fa32c884b94fe9b57f7d00728ceb12|e686d0200ce043119d30bfc0e068611c|32b93891df7f412fa9f081eb11c3323a|f288915ac1464b388c8ea906b30a5575|34fd46686e01427f86e0f4b6a6ee74f7
d0c9adc7bb2f4dccaf6ae3404a231e2d,1408,0.5,2,314290,147.3038978984451,1,True,0.52965903,0.5692415,fe0a10aad6d24b36bc414771e14864d1,e686d0200ce043119d30bfc0e068611c|fe0a10aad6d24b36bc414771e14864d1|f288915ac1464b388c8ea906b30a5575|32b93891df7f412fa9f081eb11c3323a|34fd46686e01427f86e0f4b6a6ee74f7
557582dce69e4d5a898e49cf15600b96,1408,0.5,2,316662,151.45003913776495,1,True,0.5406219,0.5758314,fe0a10aad6d24b36bc414771e14864d1,e686d0200ce043119d30bfc0e068611c|fe0a10aad6d24b36bc414771e14864d1|f288915ac1464b388c8ea906b30a5575|32b93891df7f412fa9f081eb11c3323a|34fd46686e01427f86e0f4b6a6ee74f7
61c3b4e059514963bb69871823534642,1408,1.0,1,432947,131.37097790628707,1,True,0.54231316,0.42075604,74fa32c884b94fe9b57f7d00728ceb12,74fa32c884b94fe9b57f7d00728ceb12|e686d0200ce043119d30bfc0e068611c|32b93891df7f412fa9f081eb11c3323a|f288915ac1464b388c8ea906b30a5575|34fd46686e01427f86e0f4b6a6ee74f7
45b346e5d661417da56ce2e7ed28afb6,968,1.0,1,166000,80.04587418300653,3,True,0.6168349,0.27703556,2a776116956d49f7be17fe3aaf27fee2,fabd7b13569f4a04aac8e8ba6c0bb92f|2a776116956d49f7be17fe3aaf27fee2|803d1ba5219a4cf99de2ceb339d7d4c8|32b564f3f00c4c7888f60e0c129c624d|385140e7679d427293393f7639a01826
3df1d991e88a4be694289792a93ab00e,968,1.0,1,759203,107.21053385416667,3,True,0.69146454,0.3750775,fabd7b13569f4a04aac8e8ba6c0bb92f,fabd7b13569f4a04aac8e8ba6c0bb92f|3923e495d10940e59c9dc28e385058e7|803d1ba5219a4cf99de2ceb339d7d4c8|385140e7679d427293393f7639a01826|32b564f3f00c4c7888f60e0c129c624d
3d1befda3ee34df5b4e27c1fd90a20c9,968,1.0,1,804786,88.38968559741248,3,True,0.7374868,0.3521614,2a776116956d49f7be17fe3aaf27fee2,2a776116956d49f7be17fe3aaf27fee2|803d1ba5219a4cf99de2ceb339d7d4c8|3923e495d10940e59c9dc28e385058e7|32b564f3f00c4c7888f60e0c129c624d|385140e7679d427293393f7639a01826
2d76408700624c738bc5fdd277d9168b,968,1.0,1,495396,126.10231119791666,3,True,0.61742836,0.33618563,3923e495d10940e59c9dc28e385058e7,3923e495d10940e59c9dc28e385058e7|fabd7b13569f4a04aac8e8ba6c0bb92f|803d1ba5219a4cf99de2ceb339d7d4c8|32b564f3f00c4c7888f60e0c129c624d|385140e7679d427293393f7639a01826
8f89197765d7454fba5b1316491fac7e,600,1.0,1,454440,94.10655996963563,4,True,0.65208185,0.29294437,6f78768d44df4346adda3bfc4ab6e846,6f78768d44df4346adda3bfc4ab6e846|5f0b28f932b4492c91ed6e540f7776bd|b70f0a39763749a199c22c426ff10328|5f9e6738afc84b8496d5afef2a1986cc|f8e5e6491bd64416981439764460a350
9719a9c45d664deabe678a39f647125a,600,1.0,1,453060,88.68323001012146,4,True,0.6521559,0.14618987,6f78768d44df4346adda3bfc4ab6e846,6f78768d44df4346adda3bfc4ab6e846|5f0b28f932b4492c91ed6e540f7776bd|b70f0a39763749a199c22c426ff10328|5f9e6738afc84b8496d5afef2a1986cc|6ceb98dc906445b4a984627a8181425d
7bdfb12e24cf4df6ad18d50695be489f,1176,1.0,1,324174,117.4980610280797,1,True,0.43675148,0.29625654,17c41f0277cf40a2946e68246b8b8512,17c41f0277cf40a2946e68246b8b8512|515e9f025c054515ad16e92d13bf9f93|e293cba4b80340f0b78166602fc46e44|b0ed62b1e060407a8626082c4b12d3fd|a99125be5f9844ff879d418f325665e1
947c387d3475482b862646fc8ced7c04,1176,1.0,1,572679,60.581552706552706,1,True,0.4727264,0.21019836,25fe4ed7ba5b433b9ae84795ea909729,25fe4ed7ba5b433b9ae84795ea909729|762a981e62a4491e9ed2f7d5c520844f|cd6712e74b7f4341ac9c85c405cdcf9d|242ecdbe127a4ba79a318c333de8bd44|bec6e99d1ca5489e9ee86f6271816f16
a7f917475761408cbd4e3bf06f221b85,1176,1.0,1,582452,53.594312764830505,1,True,0.44428718,0.21378961,25fe4ed7ba5b433b9ae84795ea909729,25fe4ed7ba5b433b9ae84795ea909729|762a981e62a4491e9ed2f7d5c520844f|bec6e99d1ca5489e9ee86f6271816f16|242ecdbe127a4ba79a318c333de8bd44|cd6712e74b7f4341ac9c85c405cdcf9d
af87f45ea06e4291b50ed40381eccdf9,1121,0.6666666666666666,1,298215,100.94909420289855,2,True,0.49756297,0.4766691,56a2c05bfd084a8eb1fe99a58ff6ddc6,56a2c05bfd084a8eb1fe99a58ff6ddc6|940eab38fad9432386673cdf8ed6c177|98ebf6c3c5ce45ec8e074c2e039c9a77|e2de7959eafc498db27f522b9cac75ae|f9047667e499434e846de72a21d55735
b15f909856b141f6b1b767de9d3c3578,1121,1.0,1,709380,118.3313953488372,2,True,0.53996176,0.39975852,56a2c05bfd084a8eb1fe99a58ff6ddc6,c149bb9deea64c22b03954cf4ec4cd73|56a2c05bfd084a8eb1fe99a58ff6ddc6|98ebf6c3c5ce45ec8e074c2e039c9a77|940eab38fad9432386673cdf8ed6c177|e2de7959eafc498db27f522b9cac75ae
6585bf0fd7c54f9ea5d289ec7540e506,1121,1.0,1,698191,115.04947916666667,2,True,0.5537664,0.42327088,56a2c05bfd084a8eb1fe99a58ff6ddc6,c149bb9deea64c22b03954cf4ec4cd73|56a2c05bfd084a8eb1fe99a58ff6ddc6|98ebf6c3c5ce45ec8e074c2e039c9a77|940eab38fad9432386673cdf8ed6c177|e2de7959eafc498db27f522b9cac75ae
15828b22d85a4c638a09b0f90487387b,1121,0.7,1,241664,126.37806026365348,2,True,0.5782715,0.46070653,c149bb9deea64c22b03954cf4ec4cd73,c149bb9deea64c22b03954cf4ec4cd73|98ebf6c3c5ce45ec8e074c2e039c9a77|940eab38fad9432386673cdf8ed6c177|e2de7959eafc498db27f522b9cac75ae|2a353c6ae43b4b99a46da2451024beff
b4493518a7654d2fb2c3411ac6d3ec19,1121,0.7,1,331114,92.8125408496732,2,True,0.57219,0.49388403,56a2c05bfd084a8eb1fe99a58ff6ddc6,56a2c05bfd084a8eb1fe99a58ff6ddc6|940eab38fad9432386673cdf8ed6c177|98ebf6c3c5ce45ec8e074c2e039c9a77|e2de7959eafc498db27f522b9cac75ae|2a353c6ae43b4b99a46da2451024beff
b7b0b0bb973b489ca49b70c2039b92d8,48,1.0,1,222642,96.13897435897437,3,True,0.6756284,0.4572711,43f2c9b634a2423a839628ba1a60ff5f,43f2c9b634a2423a839628ba1a60ff5f|e9982140b08d4812b40b3b138eb7b347|a1cd219cb3184084a01e638dd6251a7c|056498a8ee3d4d9a9974ca124c65c3e3|89142875ceb84465b665ef999283e77a
c96df9cbf9c24255a523ebaf507c9fc4,48,1.0,1,210328,148.07999170353983,3,True,0.66091686,0.45791584,6f06e60e917442ecb8a6ba3135f55fbf,6f06e60e917442ecb8a6ba3135f55fbf|a1cd219cb3184084a01e638dd6251a7c|e9982140b08d4812b40b3b138eb7b347|056498a8ee3d4d9a9974ca124c65c3e3|e51a66bd694044d48c82113fbaa71626
5239444f6dce4a37b55f4cdd2cb8a185,48,1.0,1,59570,136.7043981870069,3,True,0.59407413,0.41856205,6f06e60e917442ecb8a6ba3135f55fbf,43f2c9b634a2423a839628ba1a60ff5f|6f06e60e917442ecb8a6ba3135f55fbf|e9982140b08d4812b40b3b138eb7b347|056498a8ee3d4d9a9974ca124c65c3e3|89142875ceb84465b665ef999283e77a
7134a39bedbd44b5935c533cd2921e91,48,1.0,1,213902,144.34230495796243,3,True,0.6466299,0.4546979,6f06e60e917442ecb8a6ba3135f55fbf,6f06e60e917442ecb8a6ba3135f55fbf|a1cd219cb3184084a01e638dd6251a7c|e9982140b08d4812b40b3b138eb7b347|056498a8ee3d4d9a9974ca124c65c3e3|e51a66bd694044d48c82113fbaa71626
80852bdcc7e14e639292a303e6db8a27,595,1.0,1,235330,134.38633621704332,1,True,0.5502254,0.2958483,7778e71dc3744305835499a15a9fb204,7778e71dc3744305835499a15a9fb204|74045bd0093a4586bf4a7a843c7a9c2d|f8e5e6491bd64416981439764460a350|0751c82fee8447bb97273851a90f84fa|6918ce9cd29d46a5a2de033c95dc8413
a3782d37a4bf4024aa49f52abe7feb70,595,1.0,1,339450,119.36058707757296,1,True,0.5373507,0.35389557,fc8c77e7398946e1bf289ea5efbbecff,fc8c77e7398946e1bf289ea5efbbecff|f8e5e6491bd64416981439764460a350|74045bd0093a4586bf4a7a843c7a9c2d|0751c82fee8447bb97273851a90f84fa|954b5da485f94634a090640b1ad5d37a
1a284418d66943cb81613d665366048e,1349,1.0,1,417000,58.965998641304346,1,True,0.6141061,0.6262202,7e77a2656e8846b48e9d5c678e7b5128,7e77a2656e8846b48e9d5c678e7b5128|61699d23e8194521ba372cd9d61fe577|d47a3ab303bd446f8044d265fc02c4d9|56fd841efa844197a614a70b3784b7ae|553cf78505c6462a840c70001fb14edd
398e95d35c90494aa3a6f554319212f4,1349,1.0,1,397192,57.6924626572327,1,True,0.58246744,0.51278174,c439b3cf29744a07b573f312152d710d,c439b3cf29744a07b573f312152d710d|61699d23e8194521ba372cd9d61fe577|d47a3ab303bd446f8044d265fc02c4d9|d7adc6daaa964fbcbb5196dccf726281|6b6282bd84ae4a7a99add11800812337
cfd1ebe352d7437ea851f843f65cef89,1349,1.0,1,512000,67.3877154587405,1,True,0.47571146,0.42903513,c439b3cf29744a07b573f312152d710d,c439b3cf29744a07b573f312152d710d|61699d23e8194521ba372cd9d61fe577|d47a3ab303bd446f8044d265fc02c4d9|d7adc6daaa964fbcbb5196dccf726281|6c3395385d064f4ba64c931500a11d32
e548240d54984642a5257e37dbc41e93,587,1.0,1,198365,101.9768197016461,1,True,0.6555815,0.4217623,e1cb7daa87a44fcf8d4476c6821e6895,e1cb7daa87a44fcf8d4476c6821e6895|684a55dcfe9c449f8564d48e5daf2f33|870225c86d8b4339aa7ce6661ab86040|f64d5d70431a4a8fa0693e6afb9b17e7|2ed6d9d600634482907c40f5e653545f
1ce63df1f04e45e5be3d086ac88753c9,587,1.0,1,159942,81.3821331521739,1,True,0.6047133,0.38325697,e1cb7daa87a44fcf8d4476c6821e6895,e1cb7daa87a44fcf8d4476c6821e6895|684a55dcfe9c449f8564d48e5daf2f33|870225c86d8b4339aa7ce6661ab86040|f64d5d70431a4a8fa0693e6afb9b17e7|2ed6d9d600634482907c40f5e653545f
f1d3e8588ea147089367d9c6a0eb5620,587,1.0,1,363692,112.30747466216216,1,True,0.70716304,0.36318737,abecc41135b043b1a0bda9fcb3115de8,abecc41135b043b1a0bda9fcb3115de8|684a55dcfe9c449f8564d48e5daf2f33|f64d5d70431a4a8fa0693e6afb9b17e7|2ed6d9d600634482907c40f5e653545f|870225c86d8b4339aa7ce6661ab86040
63b03f9bf1f9437f9e91443cd9e70064,587,1.0,1,378012,110.81598121761658,1,True,0.6970343,0.3443237,abecc41135b043b1a0bda9fcb3115de8,abecc41135b043b1a0bda9fcb3115de8|684a55dcfe9c449f8564d48e5daf2f33|f64d5d70431a4a8fa0693e6afb9b17e7|2ed6d9d600634482907c40f5e653545f|870225c86d8b4339aa7ce6661ab86040
b559d94254e74be59487d003549a889f,1147,1.0,1,342168,61.09821060231023,1,True,0.53400546,0.3073988,f9e088ead6a546959515c3f5da9789a7,f9e088ead6a546959515c3f5da9789a7|6fc4448428ff4f9fb4a057ef93e0042b|517f68f65f7642dcb9cc48ffdbc501fb|61699d23e8194521ba372cd9d61fe577|56fd841efa844197a614a70b3784b7ae
21fa6fcf1ffd454894d65c2afc9997d6,1147,1.0,1,375102,82.89746413934427,1,True,0.5395389,0.32062382,cd5ead4f82e646c9b4dcad5123ea9a4d,cd5ead4f82e646c9b4dcad5123ea9a4d|849d281dc9aa4143a6d33f7153ada812|517f68f65f7642dcb9cc48ffdbc501fb|6fc4448428ff4f9fb4a057ef93e0042b|56fd841efa844197a614a70b3784b7ae
f5f35d50a9ae4cdca53b1d0c130f9acf,1147,1.0,1,342125,58.02869714696223,1,True,0.48729026,0.3030804,f9e088ead6a546959515c3f5da9789a7,f9e088ead6a546959515c3f5da9789a7|6fc4448428ff4f9fb4a057ef93e0042b|517f68f65f7642dcb9cc48ffdbc501fb|217dc224802e4ddcb45cd42e065f23a6|56fd841efa844197a614a70b3784b7ae
458f6f4d7e8c40b5b56eacbb5f7c0ede,1147,1.0,1,373184,81.70676229508197,1,True,0.5131635,0.32354283,cd5ead4f82e646c9b4dcad5123ea9a4d,cd5ead4f82e646c9b4dcad5123ea9a4d|cf148b0b408842dda594e6ee5a46a9fd|517f68f65f7642dcb9cc48ffdbc501fb|6fc4448428ff4f9fb4a057ef93e0042b|1f4e759d3fa94fa1b0541b146a40e1d9
227dbb56a992470c98e7eabe12ca5b89,243,1.0,1,359040,90.41426363482385,1,True,0.39629596,0.44927812,5f46394e7920462cb0f41f1fc5045845,5f46394e7920462cb0f41f1fc5045845|2dd9fc92eb8046649c37f8f6c462fa6c|1defaf2d048d46ce9dfdc3beb7ece76d|6cf87941d7ac4940868b6617ee88eee2|ea8602328edc4011b2e66d963681eee4
93efe22ec0ce4089a71b9f8c17de8306,243,1.0,1,363265,66.52448335006693,1,True,0.35676163,0.43970296,5f46394e7920462cb0f41f1fc5045845,5f46394e7920462cb0f41f1fc5045845|2dd9fc92eb8046649c37f8f6c462fa6c|1defaf2d048d46ce9dfdc3beb7ece76d|6cf87941d7ac4940868b6617ee88eee2|ea8602328edc4011b2e66d963681eee4
3db658447aa44003b11535610f6f7043,1504,1.0,1,184518,123.15190197172619,1,True,0.59476656,0.4479168,b1030aea30f043c3b1e429d1c56d39fb,b1030aea30f043c3b1e429d1c56d39fb|d78f30df5b194025948c5ab55ae8d28c|5ffc2a5cf7a546e3b5b41a040cfdb2b9|78c1942839da41378caa7308f014aae5|18ffcda7895247f688ad16791072c368
85f6aacba30945dbbc2c8506da5e0be8,1504,1.0,1,200000,135.9352266558089,1,True,0.5743627,0.4768824,ba4a1f2d55584ae8941ea89c13576890,ba4a1f2d55584ae8941ea89c13576890|5ffc2a5cf7a546e3b5b41a040cfdb2b9|d78f30df5b194025948c5ab55ae8d28c|78c1942839da41378caa7308f014aae5|4dd03d16715a49d98fce909b629115fe
06dc4431f7cb414b97bc01c5efeeca76,1504,1.0,1,183964,119.8372621628131,1,True,0.61574167,0.4752003,b1030aea30f043c3b1e429d1c56d39fb,b1030aea30f043c3b1e429d1c56d39fb|5ffc2a5cf7a546e3b5b41a040cfdb2b9|d78f30df5b194025948c5ab55ae8d28c|78c1942839da41378caa7308f014aae5|18ffcda7895247f688ad16791072c368
87b99cdac0e346408b8835edd8c1e3ae,1504,1.0,1,198204,138.6079499185668,1,True,0.6132987,0.4831156,ba4a1f2d55584ae8941ea89c13576890,ba4a1f2d55584ae8941ea89c13576890|5ffc2a5cf7a546e3b5b41a040cfdb2b9|78c1942839da41378caa7308f014aae5|d78f30df5b194025948c5ab55ae8d28c|4dd03d16715a49d98fce909b629115fe
8d231b35103b417db35186e983300422,1087,1.0,1,345316,141.86553107923498,2,True,0.57045126,0.38265347,a6daf81e034241f480b229768a3c8a5c,a6daf81e034241f480b229768a3c8a5c|323082f23f7d423c9ffaa2690ecb0856|052d9565e1c545b69509364d80426804|8009223cb26e484ba2bd0acb1c0b3134|00b198c9bd9f45079a7bbcd420f09c49
d50c62f7ed674353970d4b329d4df0a7,1087,1.0,1,309944,117.07757613976084,2,True,0.62462413,0.34791544,a2f9cdee3f7640f29cef4defc6814dfb,a2f9cdee3f7640f29cef4defc6814dfb|323082f23f7d423c9ffaa2690ecb0856|59fdb0273ecd449ea0fa306f14fc28b3|c1df5dce1fa946b68188af887a2244e0|89142875ceb84465b665ef999283e77a
ba328a988df1403794cb7e8063233a08,1087,1.0,1,343476,141.0356642759563,2,True,0.62023103,0.38259712,a6daf81e034241f480b229768a3c8a5c,a6daf81e034241f480b229768a3c8a5c|323082f23f7d423c9ffaa2690ecb0856|052d9565e1c545b69509364d80426804|8009223cb26e484ba2bd0acb1c0b3134|9f43cceedd4e4692aadefc29553e5a34
94adaa692a6140c792b31bd64fea2249,1087,1.0,1,328120,84.95027360232068,2,True,0.46924895,0.38183677,a6daf81e034241f480b229768a3c8a5c,a6daf81e034241f480b229768a3c8a5c|a2f9cdee3f7640f29cef4defc6814dfb|a1cd219cb3184084a01e638dd6251a7c|e9982140b08d4812b40b3b138eb7b347|89142875ceb84465b665ef999283e77a
a0f1fdefb6e24b81a79a365d8214b711,1087,1.0,1,309636,118.4151417042042,2,True,0.63776594,0.38557798,a2f9cdee3f7640f29cef4defc6814dfb,a2f9cdee3f7640f29cef4defc6814dfb|323082f23f7d423c9ffaa2690ecb0856|59fdb0273ecd449ea0fa306f14fc28b3|c1df5dce1fa946b68188af887a2244e0|89142875ceb84465b665ef999283e77a
5576152bf53043c5a3a44db6a8228787,1093,1.0,1,602316,109.47948182059449,1,True,0.64867043,0.56956005,74f84b1a200b4b24b3bc440f6f613b91,74f84b1a200b4b24b3bc440f6f613b91|6c30bfc2917742918b35c7b62465bdbc|320dddb505f9441dadce8897703ee453|008d5ced1ac14476bb272b6ffb682932|64d14f52a6924c8c8f25bc7fa5185c77
092eab94535b4ca4b5496a1ecb7aa7fc,1093,1.0,1,409437,107.54231579912023,1,True,0.72408044,0.54109937,0115e7920895461aa56662639a207ee1,0115e7920895461aa56662639a207ee1|6c30bfc2917742918b35c7b62465bdbc|008d5ced1ac14476bb272b6ffb682932|320dddb505f9441dadce8897703ee453|1862572b923642e593fdbc54d07c75b5
be082e344b9b418fb9062d772ee7231f,1093,1.0,1,582699,95.41558968926553,1,True,0.6249704,0.573494,74f84b1a200b4b24b3bc440f6f613b91,74f84b1a200b4b24b3bc440f6f613b91|6c30bfc2917742918b35c7b62465bdbc|008d5ced1ac14476bb272b6ffb682932|320dddb505f9441dadce8897703ee453|64d14f52a6924c8c8f25bc7fa5185c77
2cf50d2f4efe4ee890a4c1ed202d842b,1093,1.0,1,413136,101.39430463372665,1,True,0.6825377,0.57927734,0115e7920895461aa56662639a207ee1,0115e7920895461aa56662639a207ee1|6c30bfc2917742918b35c7b62465bdbc|320dddb505f9441dadce8897703ee453|008d5ced1ac14476bb272b6ffb682932|64d14f52a6924c8c8f25bc7fa5185c77
dd3a67c095b3486c8bbc6bc1e935312a,369,0.5,2,392160,96.03054158684547,1,True,0.34661326,0.30677113,6fc028b7047f498dabe537215ad96820,fc57db4642fc4a56bc0d2b0493b96948|6fc028b7047f498dabe537215ad96820|bc45a47e13bf47a992085c43661cd217|fb38d022ce06472f9500dc6b7a26889f|a58fe6fabb0b436b9462834cdf4714f8
a822df3ae2544455a60f07c385222796,369,0.5,2,387584,69.99569310897436,1,True,0.33854678,0.28363597,6fc028b7047f498dabe537215ad96820,fc57db4642fc4a56bc0d2b0493b96948|6fc028b7047f498dabe537215ad96820|fb38d022ce06472f9500dc6b7a26889f|452615bc032d49339277cd0346d92474|67bae3d4670640628d6a35947b45b099
3142af6f322c43a4a4f844247a882c5e,369,1.0,1,309662,83.83852781471631,1,True,0.3132139,0.35541984,b99cc167c5994804a0d05d12e5f26803,b99cc167c5994804a0d05d12e5f26803|f58f5243986b48c3bb7518935fdc76c2|9bed6ea3b45a4dec96238ab04b073888|1a1602caa4414156a1d0a41c3b4e4c3a|67bae3d4670640628d6a35947b45b099
617cc1b691dd4789a60d1e8d4adbe9ae,369,1.0,1,317135,48.54829820736434,1,True,0.35355255,0.35896558,b99cc167c5994804a0d05d12e5f26803,b99cc167c5994804a0d05d12e5f26803|9bed6ea3b45a4dec96238ab04b073888|bfc4d31c510b4348807ddc4c96f96593|f58f5243986b48c3bb7518935fdc76c2|67bae3d4670640628d6a35947b45b099
99f2a979d21e4ec986c402c83f11fab4,814,1.0,1,353472,71.67127771406727,1,True,0.5723018,0.35591614,40d4834250d444099bd0b91a139b5841,40d4834250d444099bd0b91a139b5841|15b603964b534aedb90cdb8f75132dc6|a27924365be34608a104be9a434bab29|86ee6b4475ea4746a6bcc32e9e8f2544|c404defce42d4590ba091e82245aa373
40f266bddc234accb4a47073b015b051,814,1.0,1,413472,97.8173633017876,1,True,0.55694234,0.34815758,e14f135f36e040fa8e50ccbfea7a3c57,e14f135f36e040fa8e50ccbfea7a3c57|a27924365be34608a104be9a434bab29|5b6294dd00084f98a305134a6a0d71d7|86ee6b4475ea4746a6bcc32e9e8f2544|1601d4f7d79e45f7a4c60e0d40389d39
fe814c89ee3a4073aa4121442336b3a8,814,1.0,1,412304,95.28631092767296,1,True,0.56085443,0.35046932,e14f135f36e040fa8e50ccbfea7a3c57,e14f135f36e040fa8e50ccbfea7a3c57|15b603964b534aedb90cdb8f75132dc6|a27924365be34608a104be9a434bab29|86ee6b4475ea4746a6bcc32e9e8f2544|9bed6ea3b45a4dec96238ab04b073888
ff8492859fed43cf8c525abe3bc7c08d,814,1.0,1,349770,84.25768049155145,1,True,0.584638,0.40418547,40d4834250d444099bd0b91a139b5841,40d4834250d444099bd0b91a139b5841|a27924365be34608a104be9a434bab29|15b603964b534aedb90cdb8f75132dc6|86ee6b4475ea4746a6bcc32e9e8f2544|edabdf95ab254809a0a0a3689270dbeb
c8741f6272774642bc47d4340ee39130,965,1.0,1,354893,56.430537280701756,1,True,0.37873313,0.34744275,4b88cfa27d344f0f97f6b45e717781aa,4b88cfa27d344f0f97f6b45e717781aa|9cf589fd83cd444d9e124512d09383be|553cf78505c6462a840c70001fb14edd|1d499a5f71f44464bf28495831ab0a1f|61699d23e8194521ba372cd9d61fe577
23ca959371484a9694a1d022dd71b7bf,965,1.0,1,357420,70.60179550438596,1,True,0.3828842,0.35709566,4b88cfa27d344f0f97f6b45e717781aa,4b88cfa27d344f0f97f6b45e717781aa|9cf589fd83cd444d9e124512d09383be|553cf78505c6462a840c70001fb14edd|1d499a5f71f44464bf28495831ab0a1f|cd5ead4f82e646c9b4dcad5123ea9a4d
b7076a0ddf424793801a20232c359594,965,1.0,1,405810,113.15233212425595,1,True,0.56053317,0.44006008,56fd841efa844197a614a70b3784b7ae,56fd841efa844197a614a70b3784b7ae|f9e088ead6a546959515c3f5da9789a7|cd5ead4f82e646c9b4dcad5123ea9a4d|9cf589fd83cd444d9e124512d09383be|517f68f65f7642dcb9cc48ffdbc501fb
b71063f8296d450195b8c608b9ac7dbf,965,1.0,1,409985,112.74400811209439,1,True,0.48559967,0.39538968,56fd841efa844197a614a70b3784b7ae,56fd841efa844197a614a70b3784b7ae|f9e088ead6a546959515c3f5da9789a7|cd5ead4f82e646c9b4dcad5123ea9a4d|61699d23e8194521ba372cd9d61fe577|849d281dc9aa4143a6d33f7153ada812
80354c95403c4f88a2249dea5f330a06,750,0.75,1,485300,111.7713501908397,2,True,0.7214613,0.5962067,3c3022f7cea84b74ac4e085a37f2b4a3,3c3022f7cea84b74ac4e085a37f2b4a3|13298d7fb36a42b18593b7d472856de4|a483211857ce4ce8928ee6dc66cff7db|167852b9df1e407880f518160d329303|8e83da66e28f4faa87a994caebd10730
853044db0cc54bc390e6d2aac124eebf,750,0.41666666666666663,3,670630,51.35555889423077,2,True,0.5371994,0.57898027,fb9e353ede214bdaa1b70fe77d081db9,13298d7fb36a42b18593b7d472856de4|a483211857ce4ce8928ee6dc66cff7db|fb9e353ede214bdaa1b70fe77d081db9|167852b9df1e407880f518160d329303|8e83da66e28f4faa87a994caebd10730
e9d1e0320e1342be907f67b780e2d982,750,0.7,1,468420,113.9776432806324,2,True,0.66267097,0.5140784,3c3022f7cea84b74ac4e085a37f2b4a3,3c3022f7cea84b74ac4e085a37f2b4a3|13298d7fb36a42b18593b7d472856de4|804fe0590cc34e68a0ea44f33c1f976e|a483211857ce4ce8928ee6dc66cff7db|167852b9df1e407880f518160d329303
85f870a0467c4601b25ced37f42f3fce,750,0.41666666666666663,3,664317,50.90482223294723,2,True,0.5589042,0.6008054,fb9e353ede214bdaa1b70fe77d081db9,13298d7fb36a42b18593b7d472856de4|a483211857ce4ce8928ee6dc66cff7db|fb9e353ede214bdaa1b70fe77d081db9|167852b9df1e407880f518160d329303|8e83da66e28f4faa87a994caebd10730
aa07f97611a74a828132a2f2b6ca8bc7,604,1.0,1,837238,97.70064668525403,1,True,0.596518,0.42027128,553cf78505c6462a840c70001fb14edd,553cf78505c6462a840c70001fb14edd|1d499a5f71f44464bf28495831ab0a1f|9cf589fd83cd444d9e124512d09383be|ccdc534c69474aa78f79c5933fbfd6f2|56fd841efa844197a614a70b3784b7ae
47b28b8a63d34ddbb5e7c48690e937bf,604,1.0,1,839536,97.06770833333333,1,True,0.58922285,0.3988884,553cf78505c6462a840c70001fb14edd,553cf78505c6462a840c70001fb14edd|1d499a5f71f44464bf28495831ab0a1f|56fd841efa844197a614a70b3784b7ae|ccdc534c69474aa78f79c5933fbfd6f2|90661f059276455283c7a8c0902d3733
a647f4c5e474400cbc23819cef2219dd,1533,1.0,1,246848,99.81397501627605,1,True,0.5063089,0.31185764,1624cb91f1934980873eab694467068e,1624cb91f1934980873eab694467068e|25f0002a7c044a348085dd82be8261e4|5e553240676d4d238c48ded9ba3ff19c|2e53d49a71e14818819f9ef0cca1e33a|c624d1e2d34b4635bc9b0f5730bae694
d73d15255d164b569e22d0f3e769a995,1533,1.0,1,280280,119.61647227112677,1,True,0.49132627,0.31622344,dc79a91c8e234d62b44ffefca966ee74,dc79a91c8e234d62b44ffefca966ee74|25f0002a7c044a348085dd82be8261e4|2e53d49a71e14818819f9ef0cca1e33a|5e553240676d4d238c48ded9ba3ff19c|c624d1e2d34b4635bc9b0f5730bae694
a56cb02d4cd44695af4140c6295cf019,1533,1.0,1,280296,115.4589412746806,1,True,0.43639377,0.2202557,dc79a91c8e234d62b44ffefca966ee74,dc79a91c8e234d62b44ffefca966ee74|25f0002a7c044a348085dd82be8261e4|2e53d49a71e14818819f9ef0cca1e33a|0b25dd7aa6f04fcc9fa613704b5cb128|478c4e4a35d7432f8d7f16153b1702c4
3dc94cec256c4ddf82a82d566bfb5149,1533,1.0,1,244610,87.12687045304233,1,True,0.53605914,0.33841586,1624cb91f1934980873eab694467068e,1624cb91f1934980873eab694467068e|2e53d49a71e14818819f9ef0cca1e33a|25f0002a7c044a348085dd82be8261e4|cf148b0b408842dda594e6ee5a46a9fd|84ab00d9d98f403ba39dc121d604600a
917ecfb3805e4417948f972452bba09e,986,0.37555555555555553,3,517940,69.20179398148149,5,True,0.5080254,0.41023782,aeea3a385c8a4186a0bba296d4b42db9,5a8289d798b04f6dbab172bbed27994e|79d38429075f421eada9a42f0a1d2604|aeea3a385c8a4186a0bba296d4b42db9|2772b3eefacb4003b878aad04ef991f8|fe1f3e70d82b4fee8b1164281b27939d
4cfd5941fbdc4d15810523c55efc1e78,986,0.76,1,195075,108.5025237008427,5,True,0.54685116,0.47389698,f017157541f04dd28c1b677372a97c00,f017157541f04dd28c1b677372a97c00|30691cdbebbc45f889447dea9a2fc611|2772b3eefacb4003b878aad04ef991f8|8cce315a9799468d9593586cfda00bb3|fe1f3e70d82b4fee8b1164281b27939d
703b20fdfe3f49f6bca98d3021fa55db,1264,1.0,1,519350,124.44199124396135,2,True,0.4906041,0.44930792,36d070e3e71247ab8c839330ecef0721,36d070e3e71247ab8c839330ecef0721|66c87925fcb44e3cb69ee120cc7e36fb|b5573b58b63a473f91b24e6a0f7e10eb|1c3865a6b00a4507b6fac0131a1a818f|aa442d593f20489f9e53b680ae7b2e89
c137679802714b44a0352cfe50a804d9,1264,1.0,1,427261,87.6632458086785,2,True,0.56291145,0.34534073,36d070e3e71247ab8c839330ecef0721,36d070e3e71247ab8c839330ecef0721|3b8203b927a74294b21f0a3320c521e7|b5573b58b63a473f91b24e6a0f7e10eb|1c3865a6b00a4507b6fac0131a1a818f|aa442d593f20489f9e53b680ae7b2e89
88f805ef466c4b18a11a12586ae27cbb,1264,1.0,1,703071,139.5272346368715,2,True,0.55873543,0.396134,66c87925fcb44e3cb69ee120cc7e36fb,66c87925fcb44e3cb69ee120cc7e36fb|3b8203b927a74294b21f0a3320c521e7|b5573b58b63a473f91b24e6a0f7e10eb|1c3865a6b00a4507b6fac0131a1a818f|aa442d593f20489f9e53b680ae7b2e89
f62bfb9acc234772909366f58cb6807d,1264,1.0,1,513153,123.06657858455883,2,True,0.48754796,0.4495842,66c87925fcb44e3cb69ee120cc7e36fb,36d070e3e71247ab8c839330ecef0721|66c87925fcb44e3cb69ee120cc7e36fb|b5573b58b63a473f91b24e6a0f7e10eb|1c3865a6b00a4507b6fac0131a1a818f|aa442d593f20489f9e53b680ae7b2e89
ce9527075ff84c5ebf285a8a1f11d7f6,1264,1.0,1,704217,131.4563838454376,2,True,0.54420346,0.3971458,66c87925fcb44e3cb69ee120cc7e36fb,3b8203b927a74294b21f0a3320c521e7|66c87925fcb44e3cb69ee120cc7e36fb|b5573b58b63a473f91b24e6a0f7e10eb|aa442d593f20489f9e53b680ae7b2e89|9a45b92df7b841e8b9b5deef2f6eb2e3
fe12eda01fca4a04be07f65f4078697b,1426,1.0,1,324783,131.31911925954591,1,True,0.4530577,0.3330079,e41d2c9d21594adf95bf12ee920d4a97,e41d2c9d21594adf95bf12ee920d4a97|dd5e019e2ad64150a649ddef1038d05d|4a8d31a0408546078a25a63ae9e6683d|aa3e6673999146b9ae569c3a1a0d1827|2f8eb75ad722467b84ba20d5e4a5fbef
794fd63569e042799336b8cb3870faf2,1426,1.0,1,321057,141.6625244140625,1,True,0.4512046,0.41363877,e41d2c9d21594adf95bf12ee920d4a97,e41d2c9d21594adf95bf12ee920d4a97|2f8eb75ad722467b84ba20d5e4a5fbef|dbd9cd0d56814b379ee4dfa211e22217|dd5e019e2ad64150a649ddef1038d05d|4a8d31a0408546078a25a63ae9e6683d
0045292e8bc64765a3bc08fea8d1f484,1426,1.0,1,369328,125.32516571969697,1,True,0.37915742,0.386338,61d260752f724f50b8ac73645d821c3a,61d260752f724f50b8ac73645d821c3a|dbd9cd0d56814b379ee4dfa211e22217|b455e18376a74a1cbdda2063d3473d29|d7103a140a8c43d0a24af987f5290ea1|eb32ca278df1482198dcc6c9e33b19be
17154984a5c24a23a0f570a8a452624c,1426,1.0,1,362970,114.0103607489775,1,True,0.44218147,0.37957692,61d260752f724f50b8ac73645d821c3a,61d260752f724f50b8ac73645d821c3a|dbd9cd0d56814b379ee4dfa211e22217|d7103a140a8c43d0a24af987f5290ea1|b455e18376a74a1cbdda2063d3473d29|dd5e019e2ad64150a649ddef1038d05d
920227d8d0b74048ab550134dfa00e69,1183,1.0,1,244200,136.33093918010752,2,True,0.61064017,0.15998302,2941a07c1b7342dab73b86daf7ad871e,2941a07c1b7342dab73b86daf7ad871e|34585d9d2264499d87f55d14714c50a5|6ad8ab44029548748f26b28fe970681d|dca6275103b748bca7d0c3c22e0cfbd6|5e65c6dacf3d406db869a2c735160040
ff2d0b08cf754b779174526d005c9b26,1183,1.0,1,247752,127.08512050653594,2,True,0.59885967,0.2107804,2941a07c1b7342dab73b86daf7ad871e,2941a07c1b7342dab73b86daf7ad871e|34585d9d2264499d87f55d14714c50a5|6ad8ab44029548748f26b28fe970681d|dca6275103b748bca7d0c3c22e0cfbd6|5e65c6dacf3d406db869a2c735160040
114af2a0ee4342e28216f009fc78e9f4,1183,1.0,1,697380,125.92397732204861,2,True,0.57254386,0.30714494,2941a07c1b7342dab73b86daf7ad871e,2941a07c1b7342dab73b86daf7ad871e|248667deaa1a4a4f84b26f2165ea193d|b4875f9df85a4800b49e07a9115376f6|8bbaa60e430c4440ab40df7f3df4889a|a379da7bb2bd4aff83fe15848bd7437c
bdd3a7a85083497c896986c24551584b,1183,1.0,1,118150,153.51732652722444,2,True,0.47617668,0.3595736,34585d9d2264499d87f55d14714c50a5,248667deaa1a4a4f84b26f2165ea193d|34585d9d2264499d87f55d14714c50a5|f776ff5b53514c0f8a697f00a37d71e0|5e65c6dacf3d406db869a2c735160040|6ad8ab44029548748f26b28fe970681d
6841f7f5241940cfaf8f8f801d4e2b5c,1183,1.0,1,117725,151.79751041666665,2,True,0.56702197,0.31256485,34585d9d2264499d87f55d14714c50a5,248667deaa1a4a4f84b26f2165ea193d|34585d9d2264499d87f55d14714c50a5|f776ff5b53514c0f8a697f00a37d71e0|5e65c6dacf3d406db869a2c735160040|4ef2848605e8460fac202a3ff3a7eac0
9c0094f068dc48e29965fb91b188cfc2,873,1.0,1,264550,69.86066158234127,1,True,0.4953746,0.47178108,6ef381caecc64539b58a5aefe7ed8203,6ef381caecc64539b58a5aefe7ed8203|b4e9ade097e54b81b637ad7ba08f04db|899bd5837820403a9c115e62724be17a|7d120d655d3146c2859cbceaa99ccc40|8cce315a9799468d9593586cfda00bb3
d8a8167dc4334fd087cadf0e47d14de1,873,1.0,1,223015,70.17625318413391,1,True,0.52754486,0.38646185,57d14849b180416c9e38213049b17530,57d14849b180416c9e38213049b17530|b4e9ade097e54b81b637ad7ba08f04db|899bd5837820403a9c115e62724be17a|9c93f372ed624303a230a85be3b7c278|0ea959d77b0c4ce9bdedfbb3678469bb
52ad4d8f9f9e4d05a33dfc42be9b59c9,873,1.0,1,278160,86.92191457700102,1,True,0.49933377,0.36974162,6ef381caecc64539b58a5aefe7ed8203,6ef381caecc64539b58a5aefe7ed8203|b4e9ade097e54b81b637ad7ba08f04db|899bd5837820403a9c115e62724be17a|8cce315a9799468d9593586cfda00bb3|7d120d655d3146c2859cbceaa99ccc40
dba00a30fc3a4143bca9e3c4f3189785,873,1.0,1,223380,52.85085744177584,1,True,0.5028556,0.43657222,57d14849b180416c9e38213049b17530,57d14849b180416c9e38213049b17530|9c93f372ed624303a230a85be3b7c278|0ea959d77b0c4ce9bdedfbb3678469bb|275b60651ca54877ab956721ce176095|b4e9ade097e54b81b637ad7ba08f04db
d30270d862d0457a995b352f49081a78,1104,1.0,1,223266,87.584875,2,True,0.59676933,0.30443126,a82e966b73ae41d98dc675e8a09ae3f8,a82e966b73ae41d98dc675e8a09ae3f8|317b319c62354cc88407d820846070ac|4ef2848605e8460fac202a3ff3a7eac0|17235c85ac6e46dfaee5cadec0b0567e|5ab52bb6a33e4c45a8e4b21060110a8d
dfccbd3743124757a8e2ecc5b0e2aee8,1104,1.0,1,598570,121.19978137860082,2,True,0.5428405,0.35214415,ef17e893a9fd47a1b43ca7dd03b92490,ef17e893a9fd47a1b43ca7dd03b92490|317b319c62354cc88407d820846070ac|4ef2848605e8460fac202a3ff3a7eac0|17235c85ac6e46dfaee5cadec0b0567e|b2d1413561374dbf9dee7b7668c6eac2
db427418a2984d07b9fc1c73468acecd,1104,0.8333333333333333,1,438000,98.16018597792998,2,True,0.33082113,0.29620624,ef17e893a9fd47a1b43ca7dd03b92490,ef17e893a9fd47a1b43ca7dd03b92490|17235c85ac6e46dfaee5cadec0b0567e|317b319c62354cc88407d820846070ac|4ef2848605e8460fac202a3ff3a7eac0|803d1ba5219a4cf99de2ceb339d7d4c8
b9fa8d000b294ee0912c58d75417ed32,1104,1.0,1,143175,134.3357170846395,2,True,0.42529023,0.31078452,a82e966b73ae41d98dc675e8a09ae3f8,a82e966b73ae41d98dc675e8a09ae3f8|317b319c62354cc88407d820846070ac|4ef2848605e8460fac202a3ff3a7eac0|17235c85ac6e46dfaee5cadec0b0567e|f103a492918d427eab3b9f5ad0caa323
77262259c0524ee0bfe675faefed75d2,1104,0.8333333333333333,1,260206,139.3149311049578,2,True,0.649094,0.48173863,ef17e893a9fd47a1b43ca7dd03b92490,ef17e893a9fd47a1b43ca7dd03b92490|4ef2848605e8460fac202a3ff3a7eac0|a82e966b73ae41d98dc675e8a09ae3f8|f103a492918d427eab3b9f5ad0caa323|5ab52bb6a33e4c45a8e4b21060110a8d
7cf5f92b12e748559d58b877c675d5b4,1143,0.5,2,521203,86.6559861111111,1,True,0.4955077,0.49096864,cc722089ba4a40edb13eeeebfdbf2001,d8db2b13b3d4457197e4afccb9e87859|cc722089ba4a40edb13eeeebfdbf2001|e90c4afb96aa49d9becc8f43103c96c7|dd1ff52076ea47b2b0e4f3a4f322cf6e|3d37812f45754ac8ba8bd0683fb87f91
0286f85475e34407b7d025cd16a68100,1143,1.0,1,438240,40.87332297120419,1,True,0.5489111,0.5612335,1c315996f08640f29f7a42976bed130c,1c315996f08640f29f7a42976bed130c|d8db2b13b3d4457197e4afccb9e87859|e90c4afb96aa49d9becc8f43103c96c7|dd1ff52076ea47b2b0e4f3a4f322cf6e|3d37812f45754ac8ba8bd0683fb87f91
5e53e4d8f4af43e58a5efca3aa25977f,1143,0.5,2,503010,84.28944272268136,1,True,0.5163345,0.4735062,cc722089ba4a40edb13eeeebfdbf2001,d8db2b13b3d4457197e4afccb9e87859|cc722089ba4a40edb13eeeebfdbf2001|e90c4afb96aa49d9becc8f43103c96c7|dd1ff52076ea47b2b0e4f3a4f322cf6e|3d37812f45754ac8ba8bd0683fb87f91
30e5ad5c779f4208b7dfca351aea6f6c,477,1.0,1,399342,158.96115581337327,2,True,0.57958937,0.3015437,954b5da485f94634a090640b1ad5d37a,954b5da485f94634a090640b1ad5d37a|944dbf53512c45eda5381d04c1edb725|a29a08072c964c3f9ba40f8b5c358549|db4a53e44a4b4f03af9ec0b1ecbf4c84|7778e71dc3744305835499a15a9fb204
a3ffe0e2d8f94e008eb15da15c42fed1,477,1.0,1,571050,150.43389960850112,2,True,0.7736727,0.43007314,954b5da485f94634a090640b1ad5d37a,954b5da485f94634a090640b1ad5d37a|944dbf53512c45eda5381d04c1edb725|a29a08072c964c3f9ba40f8b5c358549|db4a53e44a4b4f03af9ec0b1ecbf4c84|7d120d655d3146c2859cbceaa99ccc40
3e847436bf674f5dae09f59658b6d472,477,1.0,1,355023,152.05661275940338,2,True,0.7037691,0.479323,34122c9ca00245a3b664e9ce90305f58,34122c9ca00245a3b664e9ce90305f58|944dbf53512c45eda5381d04c1edb725|a29a08072c964c3f9ba40f8b5c358549|db4a53e44a4b4f03af9ec0b1ecbf4c84|7d120d655d3146c2859cbceaa99ccc40
5690e21b7cee4d44a180b823bd62e34f,477,1.0,1,172558,150.86046156609194,2,True,0.7191817,0.52278966,954b5da485f94634a090640b1ad5d37a,954b5da485f94634a090640b1ad5d37a|34122c9ca00245a3b664e9ce90305f58|db4a53e44a4b4f03af9ec0b1ecbf4c84|a29a08072c964c3f9ba40f8b5c358549|8bbaa60e430c4440ab40df7f3df4889a
754af73edd794a55af619e4961174abb,477,1.0,1,173036,156.67767396907217,2,True,0.7244732,0.50856555,954b5da485f94634a090640b1ad5d37a,954b5da485f94634a090640b1ad5d37a|34122c9ca00245a3b664e9ce90305f58|db4a53e44a4b4f03af9ec0b1ecbf4c84|a29a08072c964c3f9ba40f8b5c358549|8bbaa60e430c4440ab40df7f3df4889a
c784f23aa7dc4eada81e1173c9aec281,128,1.0,1,311363,76.86106804830287,2,True,0.36565244,0.17406145,dbd9cd0d56814b379ee4dfa211e22217,dbd9cd0d56814b379ee4dfa211e22217|d7103a140a8c43d0a24af987f5290ea1|e41d2c9d21594adf95bf12ee920d4a97|61d260752f724f50b8ac73645d821c3a|5055d46b56264a8bb8b54293b2327aea
c63887065631424c83a41c704b1f2037,128,1.0,1,185380,57.98055400545635,2,True,0.3898896,0.23912838,dbd9cd0d56814b379ee4dfa211e22217,dbd9cd0d56814b379ee4dfa211e22217|b455e18376a74a1cbdda2063d3473d29|e41d2c9d21594adf95bf12ee920d4a97|e1463a645bb94c088f67d356409a234b|61d260752f724f50b8ac73645d821c3a
e207286a97ae4d5aa8fd2b3f239c1b52,128,1.0,1,636219,93.20307677469135,2,True,0.4719098,0.35479864,b455e18376a74a1cbdda2063d3473d29,d7103a140a8c43d0a24af987f5290ea1|b455e18376a74a1cbdda2063d3473d29|e41d2c9d21594adf95bf12ee920d4a97|61d260752f724f50b8ac73645d821c3a|84f3af21cd0c46d6b703f72279d0b7cf
ddc45b93627142a68d287e207d0c4954,128,1.0,1,625758,92.66343593358395,2,True,0.4856321,0.38412267,b455e18376a74a1cbdda2063d3473d29,d7103a140a8c43d0a24af987f5290ea1|b455e18376a74a1cbdda2063d3473d29|e41d2c9d21594adf95bf12ee920d4a97|61d260752f724f50b8ac73645d821c3a|84f3af21cd0c46d6b703f72279d0b7cf
149b3f296d8b452eaa8554087ca18e78,128,1.0,1,320307,75.70110416666667,2,True,0.38597775,0.24674109,dbd9cd0d56814b379ee4dfa211e22217,dbd9cd0d56814b379ee4dfa211e22217|d7103a140a8c43d0a24af987f5290ea1|e41d2c9d21594adf95bf12ee920d4a97|61d260752f724f50b8ac73645d821c3a|e1463a645bb94c088f67d356409a234b
4fe9c86cae9249ca9a7f962e5800999c,394,0.5,2,545000,79.65357954545455,1,True,0.5405732,0.4715139,1c3865a6b00a4507b6fac0131a1a818f,f571272966044cbfa9919a9473b1511e|1c3865a6b00a4507b6fac0131a1a818f|aa442d593f20489f9e53b680ae7b2e89|9a45b92df7b841e8b9b5deef2f6eb2e3|3b8203b927a74294b21f0a3320c521e7
6c884d418d0c47d88e4f1e65a17b6482,394,0.5,2,541632,91.18506567028986,1,True,0.56072354,0.46097064,1c3865a6b00a4507b6fac0131a1a818f,f571272966044cbfa9919a9473b1511e|1c3865a6b00a4507b6fac0131a1a818f|aa442d593f20489f9e53b680ae7b2e89|9a45b92df7b841e8b9b5deef2f6eb2e3|3b8203b927a74294b21f0a3320c521e7
068db09156d240c891ef296a7ec01a26,394,1.0,1,267000,95.67235243055555,1,True,0.48629323,0.33105275,b5573b58b63a473f91b24e6a0f7e10eb,b5573b58b63a473f91b24e6a0f7e10eb|38b485f9529e42acb5e6e5f8dd5e86a3|f571272966044cbfa9919a9473b1511e|af87360529a74770ac3086cdadd6d459|32c41074aaff48e2b414b69e6871b895
ec8cf2bdf8d6473aa7b9f33c0f7ef751,394,1.0,1,267566,91.96237626611418,1,True,0.49516886,0.35982195,b5573b58b63a473f91b24e6a0f7e10eb,b5573b58b63a473f91b24e6a0f7e10eb|38b485f9529e42acb5e6e5f8dd5e86a3|f571272966044cbfa9919a9473b1511e|af87360529a74770ac3086cdadd6d459|aa442d593f20489f9e53b680ae7b2e89
48cea985aa0a4a6280015a78cf78fc60,155,1.0,1,245952,149.32732694892474,1,True,0.4166009,0.42856205,a68633d690184f8c9604aee911601f28,a68633d690184f8c9604aee911601f28|fc265073bee5421cb7ed40a661459f19|9f43cceedd4e4692aadefc29553e5a34|6c64bb7bfb4541589ecaf4b0d29db58f|8009223cb26e484ba2bd0acb1c0b3134
6afd924941074dc98159f2924dcc6b74,155,1.0,1,290812,141.6781623505976,1,True,0.48730063,0.27705652,f704bcc23c124b6c8b1ff1bc6d497a23,f704bcc23c124b6c8b1ff1bc6d497a23|3cb208cbba254982b38591fa5ebce89e|6c64bb7bfb4541589ecaf4b0d29db58f|fc265073bee5421cb7ed40a661459f19|563a4f2d7f86455db1554d7d12ef4438
02d2773aeb644bf79325ff2e6bda247c,155,1.0,1,291110,149.4785049521858,1,True,0.4965679,0.30777574,f704bcc23c124b6c8b1ff1bc6d497a23,f704bcc23c124b6c8b1ff1bc6d497a23|fc265073bee5421cb7ed40a661459f19|7c1acdde921545d5837fa430f05e0c51|3cb208cbba254982b38591fa5ebce89e|f81246c10f8748c2a9657c21d883ddd0
a230e02ca1ea44f1aff23743dc20a034,155,1.0,1,245967,148.86323586907955,1,True,0.42914042,0.43656594,a68633d690184f8c9604aee911601f28,a68633d690184f8c9604aee911601f28|fc265073bee5421cb7ed40a661459f19|8c05c5c1293344a7aca8858429d92f78|3cb208cbba254982b38591fa5ebce89e|32fde174f61a44fc891f6396a9e260cc
09d5f859e76541c28dbeb0df561db7b3,1123,1.0,1,354049,30.815752675097276,1,True,0.52838457,0.33760345,b0ed62b1e060407a8626082c4b12d3fd,b0ed62b1e060407a8626082c4b12d3fd|7abb2ca8bc48441e8aedf1e6965ddb18|0fc9f05c21b14ee8bd746b6058b3c175|9ef9955726744d479b3498441c2f250f|33ac91433cc54075b21a66c8fbe99004
c88c36766c084fbca28232a4c9b88604,1123,0.5,2,379809,86.05798547749392,1,True,0.42032558,0.2829563,2e0a7baaa678405fbd3fe75e007cad8d,7abb2ca8bc48441e8aedf1e6965ddb18|2e0a7baaa678405fbd3fe75e007cad8d|0fc9f05c21b14ee8bd746b6058b3c175|84b84116c5f844e28f34a075fc4780af|1f4e759d3fa94fa1b0541b146a40e1d9
ac759a2a0fa44fa8a483e17e3bbd8ab0,1123,1.0,1,357918,24.332076149425287,1,True,0.448937,0.29705387,b0ed62b1e060407a8626082c4b12d3fd,b0ed62b1e060407a8626082c4b12d3fd|7abb2ca8bc48441e8aedf1e6965ddb18|0fc9f05c21b14ee8bd746b6058b3c175|a9c3e631dd4f4158a09fa30c3689a210|9ef9955726744d479b3498441c2f250f
84459f71d1d1444e932254a9b08082ac,1123,1.0,1,363660,74.11029173156801,1,True,0.3989561,0.32051063,2e0a7baaa678405fbd3fe75e007cad8d,2e0a7baaa678405fbd3fe75e007cad8d|7abb2ca8bc48441e8aedf1e6965ddb18|44c452a6382a4423a9182b908e6e7df7|0fc9f05c21b14ee8bd746b6058b3c175|515e9f025c054515ad16e92d13bf9f93
754b3c5b6e444e93bb2e7069d1e46ffa,1364,1.0,1,200550,142.76452359617682,1,True,0.4032262,0.24058601,8c05c5c1293344a7aca8858429d92f78,8c05c5c1293344a7aca8858429d92f78|0bc3b834d3544a709653998b775f591c|a68633d690184f8c9604aee911601f28|f704bcc23c124b6c8b1ff1bc6d497a23|fcb6057450fc4b069638328f7ebd5fe7
b4f9c7d97ecf4c38af152d669aa30e47,1364,1.0,1,353054,125.11903728505291,1,True,0.3529847,0.32342744,3cb208cbba254982b38591fa5ebce89e,3cb208cbba254982b38591fa5ebce89e|00b198c9bd9f45079a7bbcd420f09c49|d91edbec54c74ff48e441b3883943d80|f704bcc23c124b6c8b1ff1bc6d497a23|940eab38fad9432386673cdf8ed6c177
2ae6a78f03de4d85937a2ed674d41711,1364,1.0,1,324868,110.18912878787879,1,True,0.3648503,0.25346142,3cb208cbba254982b38591fa5ebce89e,3cb208cbba254982b38591fa5ebce89e|a68633d690184f8c9604aee911601f28|f704bcc23c124b6c8b1ff1bc6d497a23|2bae42c456274091896d9b9f7b2c52b8|32fde174f61a44fc891f6396a9e260cc
a2fd84e209c74679be854741e4dfc622,1364,1.0,1,198528,143.01612755847952,1,True,0.42790866,0.29239655,8c05c5c1293344a7aca8858429d92f78,8c05c5c1293344a7aca8858429d92f78|f704bcc23c124b6c8b1ff1bc6d497a23|a68633d690184f8c9604aee911601f28|fcb6057450fc4b069638328f7ebd5fe7|efaf3a669d7543baaa6ff40f3bc86710
edc0b24a3276451da4cda4d3aac033e0,195,1.0,1,253089,98.61528694358178,1,True,0.6856337,0.48735094,78c1942839da41378caa7308f014aae5,78c1942839da41378caa7308f014aae5|d78f30df5b194025948c5ab55ae8d28c|5ffc2a5cf7a546e3b5b41a040cfdb2b9|ba4a1f2d55584ae8941ea89c13576890|ce863f7920704f9b9894ab6863d191c7
ebbaa825994f4cd789f4a03977afe321,195,1.0,1,250984,103.6636893172378,1,True,0.6980201,0.5106563,78c1942839da41378caa7308f014aae5,78c1942839da41378caa7308f014aae5|d78f30df5b194025948c5ab55ae8d28c|5ffc2a5cf7a546e3b5b41a040cfdb2b9|ba4a1f2d55584ae8941ea89c13576890|ce863f7920704f9b9894ab6863d191c7
6393f82566974dd0b8aeff6acc4dda4e,567,1.0,1,493028,75.39008744266054,1,True,0.643728,0.5593997,6d63690a8bb344e89392ec1b1930906f,6d63690a8bb344e89392ec1b1930906f|f59d08a9cb27412eb9fd930f4e27a2ac|dba8a86890be4938a9b637b656f8314d|7d90e3fa659841508cdaa39249b5bdc6|f4f361e7f9614057ac04a37c52ae0c64
7dc1c08b1aef4c5da100faeaf6de5527,567,1.0,1,447694,116.92289601688694,1,True,0.6483183,0.37017733,bde4256b5a86460ab21a63ff67d7f908,bde4256b5a86460ab21a63ff67d7f908|f59d08a9cb27412eb9fd930f4e27a2ac|dba8a86890be4938a9b637b656f8314d|899bd5837820403a9c115e62724be17a|96ccb70f01bc479bb1dd977d52ee53d2
c3dd45e54f6c484681f651fdcd008667,567,1.0,1,492499,78.34891055045871,1,True,0.6517832,0.55416083,6d63690a8bb344e89392ec1b1930906f,6d63690a8bb344e89392ec1b1930906f|f59d08a9cb27412eb9fd930f4e27a2ac|dba8a86890be4938a9b637b656f8314d|7d90e3fa659841508cdaa39249b5bdc6|48d92e6c2ce947feb97575a01e167ae5
a491659dfa8241e8b5c9e78a519ea7b4,567,1.0,1,450110,109.65952249262537,1,True,0.65087163,0.41141868,bde4256b5a86460ab21a63ff67d7f908,bde4256b5a86460ab21a63ff67d7f908|96ccb70f01bc479bb1dd977d52ee53d2|48d92e6c2ce947feb97575a01e167ae5|f59d08a9cb27412eb9fd930f4e27a2ac|dba8a86890be4938a9b637b656f8314d
31c69a4384bc4ab7888a886ffb4e5494,825,1.0,1,234069,113.89147486277444,1,True,0.5822143,0.3771419,3a311352b3ff49ddb405d6a9616643e8,3a311352b3ff49ddb405d6a9616643e8|f0fb7abab5ee4c979b0596d394fa3169|8ded18787e674f9e9b27dffa935829dd|d437ae7a950b4914904cbb0825e12050|b8ede6493d4d4d899e97a2564fc118cd
d265f784ec9c4344856bdd474efe9839,825,1.0,1,231099,116.36802679467871,1,True,0.631455,0.40914428,3a311352b3ff49ddb405d6a9616643e8,3a311352b3ff49ddb405d6a9616643e8|f0fb7abab5ee4c979b0596d394fa3169|8ded18787e674f9e9b27dffa935829dd|76fdf310a628469bb06adb9e73a20452|d437ae7a950b4914904cbb0825e12050
4ba80256d18f42c6ac8efc74051ac338,825,1.0,1,719971,47.305215703616355,1,True,0.5880827,0.28024012,6b3a1cb221e7469693e9c0bc84ac432e,6b3a1cb221e7469693e9c0bc84ac432e|76fdf310a628469bb06adb9e73a20452|f0fb7abab5ee4c979b0596d394fa3169|8ded18787e674f9e9b27dffa935829dd|001b9e0a069f4d99997864a9b4d54c21
ee447b9d34c04f248380ba3ccdb73779,825,1.0,1,712608,54.91566220238095,1,True,0.56612355,0.274805,6b3a1cb221e7469693e9c0bc84ac432e,6b3a1cb221e7469693e9c0bc84ac432e|76fdf310a628469bb06adb9e73a20452|f0fb7abab5ee4c979b0596d394fa3169|8ded18787e674f9e9b27dffa935829dd|e1c0c9826bfd41f59c2ad6309e7c4fa0
f1c1c7044a9b4e119160b299cda947f0,323,1.0,1,517372,85.8568828405018,1,True,0.44167268,0.33245337,b4d53e4f5492400e9f07c95ec5650e2b,b4d53e4f5492400e9f07c95ec5650e2b|f4f361e7f9614057ac04a37c52ae0c64|7d90e3fa659841508cdaa39249b5bdc6|f59d08a9cb27412eb9fd930f4e27a2ac|dba8a86890be4938a9b637b656f8314d
62440ea278c44701a2648b1e5dce18e9,323,1.0,1,587084,73.75548558301648,1,True,0.42952013,0.32160676,b4d53e4f5492400e9f07c95ec5650e2b,b4d53e4f5492400e9f07c95ec5650e2b|f4f361e7f9614057ac04a37c52ae0c64|7d90e3fa659841508cdaa39249b5bdc6|f59d08a9cb27412eb9fd930f4e27a2ac|dba8a86890be4938a9b637b656f8314d
4765aa01438240308dbf40add42ae5d5,323,1.0,1,345268,77.20319353070175,1,True,0.4440719,0.40159827,3372d41e018442d49d3275690a2fc32e,3372d41e018442d49d3275690a2fc32e|f4f361e7f9614057ac04a37c52ae0c64|7d90e3fa659841508cdaa39249b5bdc6|dba8a86890be4938a9b637b656f8314d|f59d08a9cb27412eb9fd930f4e27a2ac
8e85a9e4917d454abe998101d318a06e,323,1.0,1,346525,78.60516197643979,1,True,0.43929452,0.4341994,3372d41e018442d49d3275690a2fc32e,3372d41e018442d49d3275690a2fc32e|f4f361e7f9614057ac04a37c52ae0c64|7d90e3fa659841508cdaa39249b5bdc6|dba8a86890be4938a9b637b656f8314d|f59d08a9cb27412eb9fd930f4e27a2ac
66ddc1b5ce1549f59831279e04218924,1155,1.0,1,218990,68.33752765486726,1,True,0.39312926,0.17278728,b4a2f796e5544551bef06ad196e87172,b4a2f796e5544551bef06ad196e87172|e1882eb040a34772871bca79b6cf4cd7|48d92e6c2ce947feb97575a01e167ae5|3ae1a1e1c37345aba6eddf39c2ae30f7|db2940d153664264b342b6427b8a80fd
93431c3f494f45e4ae107401cd3182a1,1155,1.0,1,218272,79.74081084801762,1,True,0.39377993,0.45592904,b4a2f796e5544551bef06ad196e87172,b4a2f796e5544551bef06ad196e87172|48d92e6c2ce947feb97575a01e167ae5|96ccb70f01bc479bb1dd977d52ee53d2|2eeb795215de4de495cda6dabd500d75|ecec80efbd9e42b9bb4c319d942a0dfe
2696eddc2c5640e89c14aca0fddca7b2,1155,1.0,1,422928,104.03491436100131,1,True,0.614585,0.42180622,b437ba41530a4b78b99c2a982bf6b8a2,b437ba41530a4b78b99c2a982bf6b8a2|48d92e6c2ce947feb97575a01e167ae5|96ccb70f01bc479bb1dd977d52ee53d2|fb38d022ce06472f9500dc6b7a26889f|da8fc458f7254fa592d06187eaad50db
b628dccfec6246179425bcdb04af6e48,169,1.0,1,375920,76.94666390467172,1,True,0.6069222,0.22226693,11e1bc04994b44da9f4109937c588aac,11e1bc04994b44da9f4109937c588aac|14d5a9fc8cce46b19957eeada24065ee|317b319c62354cc88407d820846070ac|f96b74c0ec4a49c88eb770e537b3d24e|cb05cb6476f745508fa414d46e0d62e1
6f00c847b6944049b947a0987c4ff02b,169,1.0,1,212135,106.57146882773633,1,True,0.626873,0.2777949,93f7588097634317a76f39c5f34ef2a7,93f7588097634317a76f39c5f34ef2a7|14d5a9fc8cce46b19957eeada24065ee|ef17e893a9fd47a1b43ca7dd03b92490|317b319c62354cc88407d820846070ac|a82e966b73ae41d98dc675e8a09ae3f8
82becd6a94574a1ca8c2427820fbc11b,169,1.0,1,213624,102.92984239467162,1,True,0.61616534,0.267316,93f7588097634317a76f39c5f34ef2a7,93f7588097634317a76f39c5f34ef2a7|14d5a9fc8cce46b19957eeada24065ee|408ba04855544593b8173e1de23d372a|ef17e893a9fd47a1b43ca7dd03b92490|317b319c62354cc88407d820846070ac
264075b241584561a65546872056c6ee,763,1.0,1,915879,125.48100428427419,2,True,0.6238005,0.4888326,496d8bd8415d43c3a217b265706e8329,496d8bd8415d43c3a217b265706e8329|fbb5ad5f6f204ef5a15c7a0584d32c67|a733d1bc5af4431aa526328616010c83|a1d81a64d7f0418b88bdeb0760daae0c|a954ca18ce4c4be19126a73a536c9d02
76ceba7e386a4074bfbb8a453455d0fd,763,1.0,1,260130,128.8812443996416,2,True,0.5202747,0.37661514,7a72dce4598e4f33b3987b61764f7fcb,7a72dce4598e4f33b3987b61764f7fcb|fbb5ad5f6f204ef5a15c7a0584d32c67|a733d1bc5af4431aa526328616010c83|a1d81a64d7f0418b88bdeb0760daae0c|a954ca18ce4c4be19126a73a536c9d02
f257474fc6184f03b000d68f07419566,763,0.325,4,337545,92.8474741644679,2,True,0.49175495,0.49115956,7a72dce4598e4f33b3987b61764f7fcb,a1d81a64d7f0418b88bdeb0760daae0c|d37b6f95ee0748c5baf881b888668921|89dfb17d7aeb4b549835a75fa7ad0747|7a72dce4598e4f33b3987b61764f7fcb|496d8bd8415d43c3a217b265706e8329
c45ecf715f0148c485b7616874d06769,763,1.0,1,917840,125.04942666330645,2,True,0.628582,0.4845572,496d8bd8415d43c3a217b265706e8329,496d8bd8415d43c3a217b265706e8329|fbb5ad5f6f204ef5a15c7a0584d32c67|a733d1bc5af4431aa526328616010c83|a1d81a64d7f0418b88bdeb0760daae0c|a954ca18ce4c4be19126a73a536c9d02
18910349742b43e6a8d58062f4218ef8,763,0.8333333333333333,1,328224,132.1148967978395,2,True,0.5871769,0.46406618,7a72dce4598e4f33b3987b61764f7fcb,7a72dce4598e4f33b3987b61764f7fcb|a733d1bc5af4431aa526328616010c83|fbb5ad5f6f204ef5a15c7a0584d32c67|a954ca18ce4c4be19126a73a536c9d02|a1d81a64d7f0418b88bdeb0760daae0c
445f92bfebbc4f448c3dc25ce8fb067b,1092,1.0,1,297632,90.74407073917138,1,True,0.26845634,0.25966045,517f68f65f7642dcb9cc48ffdbc501fb,517f68f65f7642dcb9cc48ffdbc501fb|cd5ead4f82e646c9b4dcad5123ea9a4d|f9e088ead6a546959515c3f5da9789a7|849d281dc9aa4143a6d33f7153ada812|fc265073bee5421cb7ed40a661459f19
972ec3e7c64b43ea9dedaf6e4d4a1e9a,1092,1.0,1,287793,90.33646426875593,1,True,0.26272678,0.27104008,517f68f65f7642dcb9cc48ffdbc501fb,517f68f65f7642dcb9cc48ffdbc501fb|cd5ead4f82e646c9b4dcad5123ea9a4d|f9e088ead6a546959515c3f5da9789a7|849d281dc9aa4143a6d33f7153ada812|fc265073bee5421cb7ed40a661459f19
59ab32b0841041eea203db6267d484aa,1172,0.75,1,150192,16.864385092272205,2,True,0.49137786,0.30590677,41193ca607ff41c7b34e7385c0d0a267,41193ca607ff41c7b34e7385c0d0a267|f0d74cd078ce4e5c82538d2bc587fb47|5c9e8ee930664ac581c209994d6831d5|e1c0c9826bfd41f59c2ad6309e7c4fa0|ef158e53208b4687b48dced341014504
ac59aefffcfe4c0f933f7c7ff06cbfd3,1172,0.625,1,150976,18.255938220876587,2,True,0.50398004,0.30735552,41193ca607ff41c7b34e7385c0d0a267,41193ca607ff41c7b34e7385c0d0a267|f0d74cd078ce4e5c82538d2bc587fb47|5c9e8ee930664ac581c209994d6831d5|ef158e53208b4687b48dced341014504|b221dae7fb7a4bcfbecc9727bdffc2ba
d55a2b4ed9a34aa6b4c85609730ab48f,1172,0.5,2,233392,103.37629472693033,2,True,0.31566024,0.2533612,c894938557ce45cc9dc51258f7eef9c6,9bac4f1ad8804fd293c81e83418de86e|c894938557ce45cc9dc51258f7eef9c6|76fdf310a628469bb06adb9e73a20452|41193ca607ff41c7b34e7385c0d0a267|3a311352b3ff49ddb405d6a9616643e8
d96f84d1bd4941458f960e29ad303fb2,1172,0.5,1,310416,75.39981790413533,2,True,0.48160815,0.37462974,c894938557ce45cc9dc51258f7eef9c6,c894938557ce45cc9dc51258f7eef9c6|f0d74cd078ce4e5c82538d2bc587fb47|5c9e8ee930664ac581c209994d6831d5|ef158e53208b4687b48dced341014504|b221dae7fb7a4bcfbecc9727bdffc2ba
1d19006a9ad743898e64b954d45b03e4,1172,0.5,1,307692,79.8366717575188,2,True,0.48737547,0.36643118,c894938557ce45cc9dc51258f7eef9c6,c894938557ce45cc9dc51258f7eef9c6|f0d74cd078ce4e5c82538d2bc587fb47|5c9e8ee930664ac581c209994d6831d5|ef158e53208b4687b48dced341014504|b221dae7fb7a4bcfbecc9727bdffc2ba
f9865422f22b442a813ce2ee206067b4,554,1.0,1,259896,118.76626016260163,3,True,0.6903442,0.29201066,91412fc3fafc45068d9dae64ae31258c,a0c40885c1a84e129bfb1734e30ffab0|91412fc3fafc45068d9dae64ae31258c|fb36c070d9544be084b5ad04a5c90df8|581f599bbe28439c864c5ed106acf23a|94341f0573ba4727ac54d60f87526120
a63ba6e4732e45dd9158ee2d902ff4e7,554,1.0,1,265200,118.95571836099585,3,True,0.70572126,0.300646,91412fc3fafc45068d9dae64ae31258c,91412fc3fafc45068d9dae64ae31258c|a0c40885c1a84e129bfb1734e30ffab0|fb36c070d9544be084b5ad04a5c90df8|581f599bbe28439c864c5ed106acf23a|94341f0573ba4727ac54d60f87526120
344610da83d24727a0c7e270b8c85d9a,554,1.0,1,461250,90.13547453703704,3,True,0.6951947,0.35279593,34360b4dd3d645e484e4895ef6cfa1fa,fb36c070d9544be084b5ad04a5c90df8|34360b4dd3d645e484e4895ef6cfa1fa|a0c40885c1a84e129bfb1734e30ffab0|581f599bbe28439c864c5ed106acf23a|94341f0573ba4727ac54d60f87526120
52225d8a824d4687b595248927644521,1444,1.0,1,533390,96.89676036005434,1,True,0.27937067,0.49009782,efaf3a669d7543baaa6ff40f3bc86710,efaf3a669d7543baaa6ff40f3bc86710|3e984d26d9fb4beba80dfd475b63bd10|edeac5260019462680d91fab862adfa9|4a5b141c1f414f68bd5aa7b43c74ef10|f81246c10f8748c2a9657c21d883ddd0
cb2cdb77d2444ce88d1be2d872f6841b,1444,0.3333333333333333,3,347480,121.8356473806366,1,True,0.29113984,0.23989518,7c1acdde921545d5837fa430f05e0c51,1df655160bce48ec96909eb1b2de560b|fcb6057450fc4b069638328f7ebd5fe7|7c1acdde921545d5837fa430f05e0c51|edeac5260019462680d91fab862adfa9|3e984d26d9fb4beba80dfd475b63bd10
dc4cebb4bbe147e18f85dc02e1799d8d,1444,0.3333333333333333,3,578856,96.76197451636905,1,True,0.2788426,0.32751372,efaf3a669d7543baaa6ff40f3bc86710,edeac5260019462680d91fab862adfa9|3e984d26d9fb4beba80dfd475b63bd10|efaf3a669d7543baaa6ff40f3bc86710|fcb6057450fc4b069638328f7ebd5fe7|f81246c10f8748c2a9657c21d883ddd0
5657582c76a74449aca0a3b493cc1e5b,1444,0.5,2,414375,111.0556514732965,1,True,0.27016243,0.1901305,7c1acdde921545d5837fa430f05e0c51,fc265073bee5421cb7ed40a661459f19|7c1acdde921545d5837fa430f05e0c51|fcb6057450fc4b069638328f7ebd5fe7|f704bcc23c124b6c8b1ff1bc6d497a23|8c05c5c1293344a7aca8858429d92f78
3c671fb948c94239a1f1a171c4b0edeb,1181,0.8333333333333333,1,606393,51.377715933476395,2,True,0.5922506,0.45579642,b6fb4da71d53476e84c185e9372a92e8,b6fb4da71d53476e84c185e9372a92e8|9cd3195e9bbd4331b566585403afa2c5|98cfd66705034edf8b2932673e64c24b|aac8c5dbda5e4125b2a9453a56b20638|6800fb4be297494b82424c0e818e8afc
f07e870d1bdc46d2adde0b599560edc2,1181,0.5833333333333333,2,271875,115.78160112359551,2,True,0.515299,0.4408487,6b6282bd84ae4a7a99add11800812337,9cd3195e9bbd4331b566585403afa2c5|b6fb4da71d53476e84c185e9372a92e8|6b6282bd84ae4a7a99add11800812337|a64bf8daeade464296fa118086847bc3|6800fb4be297494b82424c0e818e8afc
aaa5b9bc9120444d9f9ead2c924c2c9b,1181,1.0,1,662904,64.45426734820322,2,True,0.60253763,0.39142865,6b6282bd84ae4a7a99add11800812337,98cfd66705034edf8b2932673e64c24b|6b6282bd84ae4a7a99add11800812337|9cd3195e9bbd4331b566585403afa2c5|5046f4617ef84b66a65951d53bc8c8af|6800fb4be297494b82424c0e818e8afc
43a3adea6f9f47f3ae61d8b8ee0fe9c6,1181,1.0,1,665280,65.94174939831528,2,True,0.5048394,0.4473757,98cfd66705034edf8b2932673e64c24b,b6fb4da71d53476e84c185e9372a92e8|98cfd66705034edf8b2932673e64c24b|5046f4617ef84b66a65951d53bc8c8af|9cd3195e9bbd4331b566585403afa2c5|aac8c5dbda5e4125b2a9453a56b20638
843ed72db398499da9385c6db9c87511,1181,1.0,1,632828,69.79188058035714,2,True,0.6074909,0.38793266,6b6282bd84ae4a7a99add11800812337,98cfd66705034edf8b2932673e64c24b|6b6282bd84ae4a7a99add11800812337|9cd3195e9bbd4331b566585403afa2c5|6800fb4be297494b82424c0e818e8afc|aac8c5dbda5e4125b2a9453a56b20638
d35fb13d26f64073a9f687490fa707de,1496,1.0,1,379368,118.08884473778735,1,True,0.7278224,0.37737608,8921db6c4e104fc5b5180413255294ac,8921db6c4e104fc5b5180413255294ac|1a1602caa4414156a1d0a41c3b4e4c3a|f58f5243986b48c3bb7518935fdc76c2|c162861bee6646e9aa94d5ae501c549f|67bae3d4670640628d6a35947b45b099
024d0065341848ba8ee0b7a17851284d,1496,1.0,1,368508,109.55945147156085,1,True,0.710356,0.34174538,501d491d76e84f42b5ef8e2f1b915b34,501d491d76e84f42b5ef8e2f1b915b34|1a1602caa4414156a1d0a41c3b4e4c3a|f58f5243986b48c3bb7518935fdc76c2|67bae3d4670640628d6a35947b45b099|c162861bee6646e9aa94d5ae501c549f
89f8a33921fe4582939824f9d54eb511,1496,1.0,1,383357,101.35840966235632,1,True,0.6993787,0.38594833,8921db6c4e104fc5b5180413255294ac,8921db6c4e104fc5b5180413255294ac|1a1602caa4414156a1d0a41c3b4e4c3a|f58f5243986b48c3bb7518935fdc76c2|c162861bee6646e9aa94d5ae501c549f|67bae3d4670640628d6a35947b45b099
7ca6de2d2c7b4fdd9ca9462dc157bedb,1496,1.0,1,363042,108.21730208333334,1,True,0.6855913,0.33810622,501d491d76e84f42b5ef8e2f1b915b34,501d491d76e84f42b5ef8e2f1b915b34|f58f5243986b48c3bb7518935fdc76c2|1a1602caa4414156a1d0a41c3b4e4c3a|67bae3d4670640628d6a35947b45b099|c162861bee6646e9aa94d5ae501c549f
eda6b6d3f66a48789866ef2757c500da,1250,1.0,1,340866,103.4419194489685,1,True,0.6353026,0.50856817,794d1ad2685a4ee292385189b68494ff,794d1ad2685a4ee292385189b68494ff|cd633c5328fa44c98c4a6ba344c47984|83d587a99a884aec8f6f926fc8526e4b|85add9c0a594440aa5fe0f2d361efbc9|c60b19798e944b28ab4414dffc18192e
8175de69e8d449baadce156db0c584e8,1250,1.0,1,343604,96.44854670698925,1,True,0.6454277,0.48822778,794d1ad2685a4ee292385189b68494ff,794d1ad2685a4ee292385189b68494ff|cd633c5328fa44c98c4a6ba344c47984|83d587a99a884aec8f6f926fc8526e4b|c60b19798e944b28ab4414dffc18192e|85add9c0a594440aa5fe0f2d361efbc9
33b6e4166d494d0da49df82fe504aa6a,1250,1.0,1,749826,86.47891260162602,1,True,0.6494919,0.41623417,6b95c9c8fd354c3fb75db759b4f0fd46,6b95c9c8fd354c3fb75db759b4f0fd46|b8012abf309c4a459721bd4204be320b|fb4a798e1dbe49809b9caac415e13f78|cd633c5328fa44c98c4a6ba344c47984|a91fee0e42e94aaf99824a86e73b829b
68eb1880caa546a5abf3110035ebff5d,1250,1.0,1,749436,86.20139243197279,1,True,0.6863871,0.43629515,6b95c9c8fd354c3fb75db759b4f0fd46,6b95c9c8fd354c3fb75db759b4f0fd46|b8012abf309c4a459721bd4204be320b|fb4a798e1dbe49809b9caac415e13f78|a91fee0e42e94aaf99824a86e73b829b|cd633c5328fa44c98c4a6ba344c47984
